-- phpMyAdmin SQL Dump
-- version 4.0.10.7
-- http://www.phpmyadmin.net
--
-- Host: localhost:3306
-- Generation Time: Apr 04, 2016 at 11:35 PM
-- Server version: 5.5.44-MariaDB-cll-lve
-- PHP Version: 5.4.31

SET SQL_MODE = "NO_AUTO_VALUE_ON_ZERO";
SET time_zone = "+00:00";


/*!40101 SET @OLD_CHARACTER_SET_CLIENT=@@CHARACTER_SET_CLIENT */;
/*!40101 SET @OLD_CHARACTER_SET_RESULTS=@@CHARACTER_SET_RESULTS */;
/*!40101 SET @OLD_COLLATION_CONNECTION=@@COLLATION_CONNECTION */;
/*!40101 SET NAMES utf8 */;

--
-- Database: `jrproper_jr`
--

-- --------------------------------------------------------

--
-- Table structure for table `blocks`
--

CREATE TABLE IF NOT EXISTS `blocks` (
  `id` int(10) unsigned NOT NULL AUTO_INCREMENT,
  `society_id` int(10) unsigned NOT NULL,
  `name` varchar(128) COLLATE utf8_unicode_ci NOT NULL,
  `created_at` timestamp NOT NULL DEFAULT '0000-00-00 00:00:00',
  `updated_at` timestamp NOT NULL DEFAULT '0000-00-00 00:00:00',
  PRIMARY KEY (`id`),
  KEY `blocks_society_id_foreign` (`society_id`)
) ENGINE=InnoDB  DEFAULT CHARSET=utf8 COLLATE=utf8_unicode_ci AUTO_INCREMENT=156 ;

--
-- Dumping data for table `blocks`
--

INSERT INTO `blocks` (`id`, `society_id`, `name`, `created_at`, `updated_at`) VALUES
(6, 8, 'A', '2015-05-01 10:32:30', '2015-05-01 10:32:30'),
(7, 8, 'B', '2015-05-01 10:32:39', '2015-05-01 10:32:39'),
(8, 8, 'C', '2015-05-01 10:32:59', '2015-05-01 10:32:59'),
(9, 8, 'D', '2015-05-01 10:33:13', '2015-05-01 10:33:13'),
(10, 8, 'E', '2015-05-01 10:33:38', '2015-05-01 10:33:38'),
(11, 8, 'F', '2015-05-01 10:33:56', '2015-05-01 10:33:56'),
(12, 8, 'G', '2015-05-01 10:34:18', '2015-05-01 10:34:18'),
(13, 8, 'H', '2015-05-01 10:34:47', '2015-05-01 10:34:47'),
(14, 8, 'I', '2015-05-01 10:34:58', '2015-05-01 10:34:58'),
(15, 8, 'J', '2015-05-01 10:35:11', '2015-05-01 10:35:11'),
(16, 8, 'K', '2015-05-01 10:35:28', '2015-05-01 10:35:28'),
(17, 8, 'L', '2015-05-01 10:35:38', '2015-05-01 10:35:38'),
(18, 8, 'M', '2015-05-01 10:35:56', '2015-05-01 10:35:56'),
(19, 8, 'N', '2015-05-01 10:36:05', '2015-05-01 10:36:05'),
(20, 8, 'P', '2015-05-01 10:36:24', '2015-05-01 10:36:24'),
(21, 9, 'CCA', '2015-05-01 10:37:28', '2015-05-01 10:37:28'),
(22, 9, 'Q', '2015-05-01 10:37:39', '2015-05-01 10:37:39'),
(23, 9, 'R', '2015-05-01 10:37:47', '2015-05-01 10:37:47'),
(24, 9, 'S', '2015-05-01 10:37:58', '2015-05-01 10:37:58'),
(25, 9, 'T', '2015-05-01 10:38:14', '2015-05-01 10:38:14'),
(26, 9, 'U', '2015-05-01 10:38:43', '2015-05-01 10:38:43'),
(27, 9, 'V', '2015-05-01 11:16:30', '2015-05-01 11:16:30'),
(28, 10, 'W', '2015-05-01 11:18:49', '2015-05-01 11:18:49'),
(29, 10, 'X', '2015-05-01 11:19:21', '2015-05-01 11:19:21'),
(30, 13, 'XX', '2015-05-01 11:19:40', '2015-05-01 11:19:40'),
(31, 10, 'Y', '2015-05-01 11:20:20', '2015-05-01 11:20:20'),
(32, 10, 'Z', '2015-05-01 11:20:44', '2015-05-01 11:20:44'),
(33, 11, 'AA', '2015-05-01 11:22:11', '2015-05-01 12:24:27'),
(34, 11, 'BB', '2015-05-01 11:22:28', '2015-05-01 12:24:42'),
(35, 11, 'CC', '2015-05-01 11:22:47', '2015-05-01 12:24:55'),
(36, 11, 'DD', '2015-05-01 12:25:44', '2015-05-01 12:25:44'),
(37, 11, 'CCA', '2015-05-01 13:30:44', '2015-05-01 13:30:44'),
(38, 11, 'EE', '2015-05-01 13:31:13', '2015-05-01 13:31:13'),
(39, 11, 'FF', '2015-05-01 13:31:23', '2015-05-01 13:31:23'),
(40, 11, 'GG', '2015-05-01 13:31:35', '2015-05-01 13:31:35'),
(41, 11, 'HH', '2015-05-01 13:31:46', '2015-05-01 13:31:46'),
(42, 11, 'JJ', '2015-05-01 13:32:14', '2015-05-01 13:32:14'),
(43, 12, 'A', '2015-05-01 13:33:44', '2015-05-01 13:33:44'),
(44, 12, 'AA', '2015-05-01 13:34:00', '2015-05-01 13:34:00'),
(45, 12, 'B', '2015-05-01 13:34:19', '2015-05-01 13:34:19'),
(46, 12, 'C', '2015-05-01 13:34:44', '2015-05-01 13:34:44'),
(47, 12, 'CCA', '2015-05-01 13:34:56', '2015-05-01 13:34:56'),
(48, 12, 'D', '2015-05-01 13:35:27', '2015-05-01 13:35:27'),
(49, 12, 'E', '2015-05-01 13:36:11', '2015-05-01 13:36:11'),
(50, 12, 'F', '2015-05-01 13:36:24', '2015-05-01 13:36:24'),
(51, 12, 'G', '2015-05-01 13:37:05', '2015-05-01 13:37:05'),
(52, 12, 'H', '2015-05-01 13:38:19', '2015-05-01 13:38:19'),
(53, 12, 'JJ', '2015-05-01 13:38:53', '2015-05-01 13:38:53'),
(54, 12, 'K', '2015-05-01 13:39:29', '2015-05-01 13:39:29'),
(55, 12, 'L', '2015-05-01 13:39:56', '2015-05-01 13:39:56'),
(56, 12, 'M', '2015-05-01 13:40:10', '2015-05-01 13:40:10'),
(57, 13, 'A', '2015-05-01 13:41:57', '2015-05-01 13:41:57'),
(58, 13, 'B', '2015-05-01 13:43:04', '2015-05-01 13:43:04'),
(59, 13, 'C', '2015-05-01 13:43:26', '2015-05-01 13:43:26'),
(60, 13, 'CCA', '2015-05-01 13:44:07', '2015-05-01 13:44:07'),
(61, 13, 'D', '2015-05-01 13:44:27', '2015-05-01 13:44:27'),
(62, 13, 'E', '2015-05-01 13:45:00', '2015-05-01 13:45:00'),
(63, 13, 'F', '2015-05-01 13:45:15', '2015-05-01 13:45:15'),
(64, 13, 'G', '2015-05-01 13:45:41', '2015-05-01 13:45:41'),
(65, 13, 'Golf Course', '2015-05-01 13:46:01', '2015-05-01 13:46:01'),
(66, 13, 'H', '2015-05-01 13:46:18', '2015-05-01 13:46:18'),
(67, 13, 'J', '2015-05-01 13:46:37', '2015-05-01 13:46:37'),
(68, 13, 'K', '2015-05-01 13:48:33', '2015-05-01 13:48:33'),
(69, 13, 'L', '2015-05-01 13:48:44', '2015-05-01 13:48:44'),
(70, 13, 'M', '2015-05-01 13:48:56', '2015-05-01 13:48:56'),
(71, 13, 'MB', '2015-05-01 13:49:25', '2015-05-01 13:49:25'),
(72, 13, 'N', '2015-05-01 13:49:50', '2015-05-01 13:49:50'),
(73, 14, 'CC1', '2015-05-01 13:50:55', '2015-05-01 13:50:55'),
(74, 14, 'CC2', '2015-05-01 13:51:07', '2015-05-01 13:51:07'),
(75, 14, 'CC3', '2015-05-01 13:51:20', '2015-05-01 13:51:20'),
(76, 14, 'CC4', '2015-05-01 13:51:38', '2015-05-01 13:51:38'),
(77, 14, 'p', '2015-05-01 13:51:54', '2015-05-01 13:51:54'),
(78, 14, 'Q', '2015-05-01 13:52:49', '2015-05-01 13:52:49'),
(79, 14, 'R', '2015-05-01 13:52:59', '2015-05-01 13:52:59'),
(80, 14, 'S', '2015-05-01 13:53:09', '2015-05-01 13:53:09'),
(81, 14, 'T', '2015-05-01 13:54:33', '2015-05-01 13:54:33'),
(82, 14, 'U', '2015-05-01 13:54:56', '2015-05-01 13:54:56'),
(83, 14, 'V', '2015-05-01 13:55:07', '2015-05-01 13:55:07'),
(84, 14, 'W', '2015-05-01 13:55:20', '2015-05-01 13:55:20'),
(85, 14, 'X', '2015-05-01 13:55:34', '2015-05-01 13:55:34'),
(86, 14, 'Y', '2015-05-01 13:55:47', '2015-05-01 13:55:47'),
(87, 14, 'Z1', '2015-05-01 13:55:58', '2016-03-26 10:58:09'),
(88, 15, 'CCA1', '2015-05-04 10:59:48', '2015-05-04 10:59:48'),
(89, 15, 'CCA2', '2015-05-04 10:59:56', '2015-05-04 10:59:56'),
(90, 15, 'S', '2015-05-04 11:00:21', '2015-05-04 11:00:21'),
(91, 15, 'T', '2015-05-04 11:00:29', '2015-05-04 11:00:29'),
(92, 15, 'U', '2015-05-04 11:00:39', '2015-05-04 11:00:39'),
(93, 15, 'V', '2015-05-04 11:00:47', '2015-05-04 11:00:47'),
(94, 15, 'W', '2015-05-04 11:00:54', '2015-05-04 11:00:54'),
(95, 15, 'X', '2015-05-04 11:01:01', '2015-05-04 11:01:01'),
(96, 15, 'Y', '2015-05-04 11:01:08', '2015-05-04 11:01:08'),
(97, 16, 'L', '2015-05-04 11:01:57', '2015-05-04 11:01:57'),
(98, 16, 'M', '2015-05-04 11:02:05', '2015-05-04 11:02:05'),
(99, 16, 'N', '2015-05-04 11:02:14', '2015-05-04 11:02:14'),
(100, 16, 'P', '2015-05-04 11:02:26', '2015-05-04 11:02:26'),
(101, 16, 'Q', '2015-05-04 11:02:33', '2015-05-04 11:02:33'),
(102, 16, 'R', '2015-05-04 11:02:40', '2015-05-04 11:02:40'),
(103, 17, 'A', '2015-05-04 11:04:01', '2015-05-04 11:04:01'),
(104, 17, 'B', '2015-05-04 11:04:08', '2015-05-04 11:04:08'),
(105, 17, 'C', '2015-05-04 11:04:16', '2015-05-04 11:04:16'),
(106, 17, 'D', '2015-05-04 11:04:30', '2015-05-04 11:04:30'),
(107, 17, 'E', '2015-05-04 11:04:38', '2015-05-04 11:04:38'),
(108, 17, 'F', '2015-05-04 11:04:45', '2015-05-04 11:04:45'),
(109, 17, 'G', '2015-05-04 11:04:52', '2015-05-04 11:04:52'),
(110, 17, 'H', '2015-05-04 11:04:59', '2015-05-04 11:04:59'),
(111, 17, 'J', '2015-05-04 11:05:07', '2015-05-04 11:05:07'),
(112, 17, 'K', '2015-05-04 11:05:29', '2015-05-04 11:05:29'),
(113, 18, 'A', '2015-05-04 11:06:00', '2015-05-04 11:06:00'),
(114, 18, 'B', '2015-05-04 11:06:08', '2015-05-04 11:06:08'),
(115, 18, 'C', '2015-05-04 11:06:16', '2015-05-04 11:06:16'),
(116, 18, 'D', '2015-05-04 11:06:24', '2015-05-04 11:06:24'),
(117, 18, 'CCA', '2015-05-04 11:07:02', '2015-05-04 11:07:02'),
(118, 19, 'A', '2015-05-04 17:24:27', '2015-05-04 17:24:27'),
(119, 19, 'B', '2015-05-04 17:24:35', '2015-05-04 17:24:35'),
(120, 19, 'C', '2015-05-04 17:24:44', '2015-05-04 17:24:44'),
(122, 15, 'Z-1', '2015-05-14 16:56:13', '2015-05-14 16:56:13'),
(123, 15, 'Z-II', '2015-05-14 16:56:27', '2015-05-14 16:56:27'),
(124, 15, 'Z-III', '2015-05-14 16:56:39', '2015-05-14 16:56:39'),
(125, 15, 'Z-IV', '2015-05-14 16:56:52', '2015-05-14 16:56:52'),
(126, 15, 'Z-V', '2015-05-14 16:57:04', '2015-05-14 16:57:04'),
(128, 21, 'D', '2015-05-22 14:41:00', '2015-05-22 14:41:00'),
(129, 16, 'Q Block Apartments', '2015-05-22 14:43:52', '2015-05-22 14:43:52'),
(130, 22, 'A', '2016-03-08 12:19:25', '2016-03-08 12:19:25'),
(131, 22, 'B', '2016-03-08 12:19:33', '2016-03-08 12:19:33'),
(132, 22, 'C', '2016-03-08 12:19:49', '2016-03-08 12:19:49'),
(133, 22, 'D', '2016-03-08 12:20:08', '2016-03-08 12:20:08'),
(134, 22, 'E', '2016-03-08 12:20:19', '2016-03-08 12:20:19'),
(135, 22, 'F', '2016-03-08 12:20:26', '2016-03-08 12:20:26'),
(136, 22, 'G', '2016-03-08 12:20:34', '2016-03-08 12:20:34'),
(137, 22, 'H', '2016-03-08 12:20:43', '2016-03-08 12:20:43'),
(138, 22, 'J', '2016-03-08 12:20:57', '2016-03-08 12:20:57'),
(139, 22, 'K', '2016-03-08 12:21:05', '2016-03-08 12:21:05'),
(140, 22, 'L', '2016-03-08 12:21:17', '2016-03-08 12:21:17'),
(141, 22, 'M', '2016-03-08 12:21:30', '2016-03-08 12:21:30'),
(142, 22, 'N', '2016-03-08 12:21:47', '2016-03-08 12:21:47'),
(143, 22, 'P', '2016-03-18 12:11:37', '2016-03-18 12:11:37'),
(144, 22, 'Q', '2016-03-18 12:11:50', '2016-03-18 12:11:50'),
(145, 26, 'A', '2016-03-19 11:12:37', '2016-03-19 11:12:37'),
(146, 26, 'B', '2016-03-19 11:12:46', '2016-03-19 11:12:46'),
(147, 26, 'C', '2016-03-19 11:12:55', '2016-03-19 11:12:55'),
(148, 26, 'D', '2016-03-19 11:13:03', '2016-03-19 11:13:03'),
(149, 14, 'Z2', '2016-03-26 10:57:25', '2016-03-26 10:57:25'),
(150, 22, 'R', '2016-03-26 11:07:08', '2016-03-26 11:07:08'),
(151, 14, 'CCA 1', '2016-03-29 16:58:15', '2016-03-29 16:58:15'),
(152, 14, 'CCA 2', '2016-03-29 16:58:51', '2016-03-29 16:58:51'),
(153, 14, 'CCA 3', '2016-03-29 16:59:04', '2016-03-29 16:59:04'),
(154, 14, 'CCA 4', '2016-03-29 16:59:37', '2016-03-29 16:59:37'),
(155, 15, 'G', '2016-04-04 09:58:18', '2016-04-04 09:58:18');

-- --------------------------------------------------------

--
-- Table structure for table `categories`
--

CREATE TABLE IF NOT EXISTS `categories` (
  `id` int(10) unsigned NOT NULL AUTO_INCREMENT,
  `name` varchar(64) COLLATE utf8_unicode_ci NOT NULL,
  `created_at` timestamp NOT NULL DEFAULT '0000-00-00 00:00:00',
  `updated_at` timestamp NOT NULL DEFAULT '0000-00-00 00:00:00',
  PRIMARY KEY (`id`),
  UNIQUE KEY `categories_name_unique` (`name`)
) ENGINE=InnoDB  DEFAULT CHARSET=utf8 COLLATE=utf8_unicode_ci AUTO_INCREMENT=5 ;

--
-- Dumping data for table `categories`
--

INSERT INTO `categories` (`id`, `name`, `created_at`, `updated_at`) VALUES
(1, 'House', '2015-05-03 22:35:09', '2015-05-03 22:35:09'),
(2, 'Plot', '2015-05-03 22:35:14', '2015-05-03 22:35:14'),
(3, 'Apartment', '2015-05-04 08:41:23', '2015-05-04 08:41:23'),
(4, 'File', '2015-05-11 05:26:23', '2015-05-11 05:26:23');

-- --------------------------------------------------------

--
-- Table structure for table `cities`
--

CREATE TABLE IF NOT EXISTS `cities` (
  `id` int(10) unsigned NOT NULL AUTO_INCREMENT,
  `name` varchar(64) COLLATE utf8_unicode_ci NOT NULL,
  `created_at` timestamp NOT NULL DEFAULT '0000-00-00 00:00:00',
  `updated_at` timestamp NOT NULL DEFAULT '0000-00-00 00:00:00',
  PRIMARY KEY (`id`),
  UNIQUE KEY `cities_name_unique` (`name`)
) ENGINE=InnoDB  DEFAULT CHARSET=utf8 COLLATE=utf8_unicode_ci AUTO_INCREMENT=15 ;

--
-- Dumping data for table `cities`
--

INSERT INTO `cities` (`id`, `name`, `created_at`, `updated_at`) VALUES
(5, 'Karachi', '2015-04-27 18:25:56', '2016-03-04 06:40:25'),
(10, 'Lahore', '2015-05-01 10:09:46', '2015-05-01 10:09:46'),
(11, 'Islamabad', '2015-05-01 10:10:04', '2015-05-01 10:10:04'),
(12, 'Gawadar', '2015-05-01 10:10:32', '2015-05-01 10:10:32'),
(13, 'Multan', '2015-05-01 10:25:15', '2015-05-01 10:25:15'),
(14, '', '2016-03-04 04:51:43', '2016-03-04 04:51:43');

-- --------------------------------------------------------

--
-- Table structure for table `migrations`
--

CREATE TABLE IF NOT EXISTS `migrations` (
  `migration` varchar(255) COLLATE utf8_unicode_ci NOT NULL,
  `batch` int(11) NOT NULL
) ENGINE=InnoDB DEFAULT CHARSET=utf8 COLLATE=utf8_unicode_ci;

--
-- Dumping data for table `migrations`
--

INSERT INTO `migrations` (`migration`, `batch`) VALUES
('2014_10_12_100000_create_password_resets_table', 1),
('2015_04_27_221356_create_blocks_table', 1),
('2015_04_27_221356_create_cities_table', 1),
('2015_04_27_221356_create_properties_table', 1),
('2015_04_27_221356_create_societies_table', 1),
('2015_04_27_221356_create_users_table', 1),
('2015_04_27_221406_create_foreign_keys', 1);

-- --------------------------------------------------------

--
-- Table structure for table `notifications`
--

CREATE TABLE IF NOT EXISTS `notifications` (
  `id` int(11) NOT NULL AUTO_INCREMENT,
  `notification` text NOT NULL,
  `created_at` timestamp NOT NULL DEFAULT CURRENT_TIMESTAMP,
  `updated_at` datetime NOT NULL,
  PRIMARY KEY (`id`)
) ENGINE=InnoDB  DEFAULT CHARSET=utf8 AUTO_INCREMENT=7 ;

--
-- Dumping data for table `notifications`
--

INSERT INTO `notifications` (`id`, `notification`, `created_at`, `updated_at`) VALUES
(2, 'Required 4 Marla Commercial Facing Park in Q Bloack..Irfan....', '2016-03-10 09:23:19', '0000-00-00 00:00:00'),
(3, 'Cricket match will be played JR Property vs Prime Estate Today 03:30pm at Askari 10.', '2016-03-10 09:23:19', '0000-00-00 00:00:00');

-- --------------------------------------------------------

--
-- Table structure for table `password_resets`
--

CREATE TABLE IF NOT EXISTS `password_resets` (
  `email` varchar(255) COLLATE utf8_unicode_ci NOT NULL,
  `token` varchar(255) COLLATE utf8_unicode_ci NOT NULL,
  `created_at` timestamp NOT NULL DEFAULT '0000-00-00 00:00:00',
  KEY `password_resets_email_index` (`email`),
  KEY `password_resets_token_index` (`token`)
) ENGINE=InnoDB DEFAULT CHARSET=utf8 COLLATE=utf8_unicode_ci;

--
-- Dumping data for table `password_resets`
--

INSERT INTO `password_resets` (`email`, `token`, `created_at`) VALUES
('maliksajidawan786@gmail.com', '57069fab5f51c850baad011c1ecc630a33b5617ee4c672dee11278c98be0891c', '2015-05-05 08:58:08');

-- --------------------------------------------------------

--
-- Table structure for table `properties`
--

CREATE TABLE IF NOT EXISTS `properties` (
  `id` int(10) unsigned NOT NULL AUTO_INCREMENT,
  `category_id` int(10) unsigned NOT NULL,
  `city_id` int(10) unsigned NOT NULL,
  `society_id` int(10) unsigned NOT NULL,
  `block_id` int(10) unsigned NOT NULL,
  `user_id` int(10) unsigned NOT NULL,
  `title` varchar(255) COLLATE utf8_unicode_ci DEFAULT NULL,
  `type` enum('direct','indirect') COLLATE utf8_unicode_ci NOT NULL,
  `group` enum('commercial','residential') COLLATE utf8_unicode_ci DEFAULT NULL,
  `estate_name` varchar(128) COLLATE utf8_unicode_ci DEFAULT NULL,
  `contact_person` varchar(128) COLLATE utf8_unicode_ci DEFAULT NULL,
  `mobile` varchar(20) COLLATE utf8_unicode_ci DEFAULT NULL,
  `phone` varchar(20) COLLATE utf8_unicode_ci DEFAULT NULL,
  `address` varchar(255) COLLATE utf8_unicode_ci DEFAULT NULL,
  `property_no` varchar(20) COLLATE utf8_unicode_ci NOT NULL,
  `purpose` enum('sale','rent','wanted') COLLATE utf8_unicode_ci NOT NULL,
  `size` double unsigned NOT NULL,
  `size_unit` enum('marla','kanal','square feet','square yards','square meters') COLLATE utf8_unicode_ci NOT NULL,
  `location` enum('corner','non-corner','facing-park','main-boulevard','average') COLLATE utf8_unicode_ci NOT NULL,
  `price` int(10) unsigned NOT NULL,
  `price_unit` enum('lakh','thousand','crore') COLLATE utf8_unicode_ci NOT NULL,
  `price_converted` int(10) unsigned NOT NULL,
  `picture` varchar(255) COLLATE utf8_unicode_ci DEFAULT NULL,
  `detail` text COLLATE utf8_unicode_ci,
  `house_type` enum('new','old') COLLATE utf8_unicode_ci DEFAULT NULL,
  `bedrooms` int(10) unsigned DEFAULT NULL,
  `features` varchar(255) COLLATE utf8_unicode_ci DEFAULT NULL,
  `share_contact_info` enum('Y','N') COLLATE utf8_unicode_ci NOT NULL,
  `share_property` enum('Y','N') COLLATE utf8_unicode_ci NOT NULL,
  `sold` enum('Y','N') COLLATE utf8_unicode_ci NOT NULL,
  `created_at` timestamp NOT NULL DEFAULT '0000-00-00 00:00:00',
  `updated_at` timestamp NOT NULL DEFAULT '0000-00-00 00:00:00',
  PRIMARY KEY (`id`),
  KEY `properties_city_id_foreign` (`city_id`),
  KEY `properties_society_id_foreign` (`society_id`),
  KEY `properties_block_id_foreign` (`block_id`),
  KEY `properties_user_id_foreign` (`user_id`)
) ENGINE=InnoDB  DEFAULT CHARSET=utf8 COLLATE=utf8_unicode_ci AUTO_INCREMENT=674 ;

--
-- Dumping data for table `properties`
--

INSERT INTO `properties` (`id`, `category_id`, `city_id`, `society_id`, `block_id`, `user_id`, `title`, `type`, `group`, `estate_name`, `contact_person`, `mobile`, `phone`, `address`, `property_no`, `purpose`, `size`, `size_unit`, `location`, `price`, `price_unit`, `price_converted`, `picture`, `detail`, `house_type`, `bedrooms`, `features`, `share_contact_info`, `share_property`, `sold`, `created_at`, `updated_at`) VALUES
(16, 2, 10, 19, 118, 4, NULL, 'direct', 'commercial', NULL, 'atif', '03218894008', '03218894008', 'dha phase 1', '15', 'sale', 1800, 'marla', 'average', 425000000, 'lakh', 0, NULL, NULL, NULL, NULL, NULL, 'N', 'N', 'N', '2016-03-07 18:19:57', '2016-03-14 07:50:39'),
(18, 2, 10, 16, 20, 15, NULL, 'indirect', 'residential', '', 'Javaid shah', '', '', '', '27', 'sale', 2250, 'marla', 'average', 11000000, 'lakh', 0, NULL, NULL, NULL, NULL, NULL, 'N', 'Y', 'N', '2016-03-08 05:42:02', '2016-03-14 07:50:39'),
(19, 2, 10, 16, 97, 15, NULL, 'indirect', 'residential', 'Shah', 'Shah', '098272727', '', '', '315', 'sale', 2250, 'marla', 'corner', 11500000, 'lakh', 0, NULL, NULL, NULL, NULL, NULL, 'N', 'Y', 'N', '2016-03-08 11:54:16', '2016-03-31 10:51:12'),
(20, 2, 10, 22, 140, 3, NULL, 'indirect', 'residential', 'Rafi And Sons', 'M Ejaz', '0300/0323-4700347', '0300/0323-4700347', 'DHA Phase 1', '1058', 'sale', 2250, 'marla', 'corner', 5500000, 'lakh', 0, NULL, NULL, NULL, NULL, NULL, 'N', 'Y', 'N', '2016-03-08 12:26:41', '2016-03-17 16:24:53'),
(21, 2, 10, 17, 103, 15, NULL, 'indirect', 'residential', 'Millat', 'Arshd ', '0000', '0000', '', '337', 'sale', 4500, 'marla', 'average', 16700000, 'lakh', 0, NULL, NULL, NULL, NULL, NULL, 'N', 'Y', 'N', '2016-03-08 12:39:26', '2016-03-14 07:50:40'),
(22, 2, 10, 12, 55, 10, NULL, 'direct', 'residential', NULL, 'Adeel Malik', '0323 4320100', '0323 4320100', '64 Q', '373', 'sale', 4500, 'kanal', 'facing-park', 30000000, 'lakh', 0, NULL, NULL, NULL, NULL, NULL, 'Y', 'Y', 'N', '2016-03-08 12:43:45', '2016-03-14 07:50:40'),
(27, 2, 10, 16, 101, 10, NULL, 'direct', 'residential', NULL, 'Adeel Malik', '0323 4320100', '0323 4320100', '64 Q', '94', 'sale', 2250, 'marla', 'average', 9500000, 'lakh', 0, NULL, NULL, NULL, NULL, NULL, 'Y', 'Y', 'N', '2016-03-08 13:37:57', '2016-03-14 07:50:40'),
(28, 2, 10, 16, 17, 4, NULL, 'direct', 'residential', NULL, 'Abdullah', '03218894008', '03218894008', 'Phase 8', '193', 'sale', 2250, 'marla', 'average', 10000000, 'lakh', 0, NULL, NULL, NULL, NULL, NULL, 'N', 'N', 'N', '2016-03-08 13:43:32', '2016-03-14 07:50:40'),
(30, 2, 10, 16, 102, 15, NULL, 'direct', 'residential', NULL, '', '', '', '', '87', 'sale', 2250, 'marla', 'average', 9500000, 'lakh', 0, NULL, NULL, NULL, NULL, NULL, 'N', 'Y', 'N', '2016-03-09 17:45:00', '2016-03-26 10:19:48'),
(31, 2, 10, 15, 124, 19, NULL, 'indirect', 'residential', 'Garrison Estate', 'Shan', '03214070540', '03214070540', 'Garrison Estate', '791', 'sale', 1125, 'marla', 'average', 3100000, 'lakh', 0, NULL, NULL, NULL, NULL, NULL, 'N', 'Y', 'N', '2016-03-10 11:50:08', '2016-03-14 07:50:40'),
(32, 2, 10, 15, 126, 19, NULL, 'indirect', 'residential', 'Garrison Estate', 'Shan', '03214070540', '03214070540', 'Garrison Estate', '100', 'sale', 1125, 'marla', 'average', 2700000, 'lakh', 0, NULL, NULL, NULL, NULL, NULL, 'N', 'Y', 'N', '2016-03-10 11:57:52', '2016-03-14 07:50:40'),
(33, 2, 10, 15, 126, 19, NULL, 'indirect', 'residential', 'Garrison Estate', 'Shan', '03214070540', '03214070540', 'Garrison Estate', '425', 'sale', 2250, 'marla', 'average', 5800000, 'lakh', 0, NULL, NULL, NULL, NULL, NULL, 'N', 'Y', 'N', '2016-03-10 12:07:29', '2016-03-14 07:50:40'),
(34, 2, 10, 14, 78, 19, NULL, 'indirect', 'residential', 'Garrison Estate', 'nadeem', '03214949499', '03214949499', 'Garrison Estate', '733', 'sale', 4500, 'kanal', 'average', 11500000, 'lakh', 0, NULL, NULL, NULL, NULL, NULL, 'N', 'Y', 'N', '2016-03-10 12:19:22', '2016-03-14 07:50:40'),
(35, 2, 10, 13, 66, 19, NULL, 'indirect', 'residential', 'Garrison Estate', 'nadeem', '03214949499', '03214949499', 'Garrison Estate', '228', 'sale', 4500, 'kanal', 'average', 21500000, 'lakh', 0, NULL, NULL, NULL, NULL, NULL, 'N', 'Y', 'N', '2016-03-10 12:40:13', '2016-03-22 13:54:07'),
(36, 2, 10, 13, 64, 19, NULL, 'indirect', 'residential', 'Garrison Estate', 'nadeem', '03214949499', '03214949499', 'Garrison Estate', '377', 'sale', 4500, 'kanal', 'average', 20000000, 'lakh', 0, NULL, NULL, NULL, NULL, NULL, 'N', 'Y', 'N', '2016-03-10 12:47:05', '2016-03-19 13:19:38'),
(37, 2, 10, 16, 101, 10, NULL, 'direct', 'commercial', NULL, 'Nasir shb', '0323 4320100', '0323 4320100', '64 Q', '72', 'sale', 900, 'marla', 'corner', 20000000, 'lakh', 0, NULL, NULL, NULL, NULL, NULL, 'N', 'N', 'N', '2016-03-10 13:40:31', '2016-03-14 07:50:40'),
(39, 2, 10, 13, 62, 19, NULL, 'indirect', 'residential', 'Garrison Estate', 'nadeem', '03214949499', '03214949499', 'Garrison Estate', '1122', 'sale', 1125, 'marla', 'average', 6000000, 'lakh', 0, NULL, NULL, NULL, NULL, NULL, 'N', 'Y', 'N', '2016-03-10 14:31:00', '2016-03-14 07:50:40'),
(40, 2, 10, 14, 86, 19, NULL, 'indirect', 'residential', 'Garrison Estate', 'farooq', '03218456626', '03218456626', 'Garrison Estate', '1540', 'sale', 4500, 'kanal', 'average', 10800000, 'lakh', 0, NULL, NULL, NULL, NULL, NULL, 'N', 'Y', 'N', '2016-03-10 14:37:19', '2016-03-14 07:50:40'),
(41, 2, 10, 14, 79, 19, NULL, 'indirect', 'residential', 'Garrison Estate', 'farooq', '03218456626', '03218456626', 'Garrison Estate', '478', 'sale', 4500, 'kanal', 'average', 15000000, 'lakh', 0, NULL, NULL, NULL, NULL, NULL, 'N', 'Y', 'N', '2016-03-10 14:42:08', '2016-03-14 07:50:40'),
(42, 2, 10, 13, 62, 19, NULL, 'indirect', 'residential', 'defence developer', 'anwar shah', '03244345532', '03244345532', 'defence developer', '1711', 'sale', 1125, 'marla', 'average', 6000000, 'lakh', 0, NULL, NULL, NULL, NULL, NULL, 'N', 'Y', 'N', '2016-03-10 14:56:24', '2016-03-14 07:50:40'),
(43, 2, 10, 13, 62, 19, NULL, 'indirect', 'residential', 'defence developer', 'anwar shah', '03244345532', '03244345532', 'defence developer', '1634', 'sale', 1125, 'marla', 'average', 5600000, 'lakh', 0, NULL, NULL, NULL, NULL, NULL, 'N', 'Y', 'N', '2016-03-10 15:02:59', '2016-03-14 07:50:40'),
(44, 2, 10, 13, 62, 19, NULL, 'indirect', 'residential', 'defence developer', 'anwar shah', '03244345532', '03244345532', 'defence developer', '1252', 'sale', 1125, 'marla', 'average', 6200000, 'lakh', 0, NULL, NULL, NULL, NULL, NULL, 'N', 'Y', 'N', '2016-03-10 15:06:33', '2016-03-14 07:50:40'),
(45, 2, 10, 13, 61, 19, NULL, 'indirect', 'residential', 'defence developer', 'anwar shah', '03244345532', '03244345532', 'defence developer', '1169', 'sale', 1575, 'marla', 'average', 9700000, 'lakh', 0, NULL, NULL, NULL, NULL, NULL, 'N', 'Y', 'N', '2016-03-10 15:11:42', '2016-03-14 07:50:40'),
(46, 2, 10, 13, 61, 19, NULL, 'indirect', 'residential', 'defence developer', 'anwar shah', '03244345532', '03244345532', 'defence developer', '871', 'sale', 1575, 'marla', 'average', 9000000, 'lakh', 0, NULL, NULL, NULL, NULL, NULL, 'N', 'Y', 'N', '2016-03-10 15:15:02', '2016-03-14 07:50:40'),
(47, 2, 10, 13, 72, 19, NULL, 'indirect', 'residential', 'defence developer', 'anwar shah', '03244345532', '03244345532', 'defence developer', '1031', 'sale', 4500, 'kanal', 'average', 16000000, 'lakh', 0, NULL, NULL, NULL, NULL, NULL, 'N', 'Y', 'N', '2016-03-10 15:18:35', '2016-03-14 07:50:40'),
(48, 2, 10, 13, 72, 19, NULL, 'indirect', 'residential', 'defence developer', 'anwar shah', '03244345532', '03244345532', 'defence developer', '465', 'sale', 4500, 'kanal', 'average', 16000000, 'lakh', 0, NULL, NULL, NULL, NULL, NULL, 'N', 'Y', 'N', '2016-03-10 15:20:48', '2016-03-14 07:50:40'),
(49, 2, 10, 16, 99, 15, NULL, '', 'residential', NULL, NULL, NULL, NULL, NULL, '186', 'sale', 2250, 'marla', 'average', 8500000, 'lakh', 0, NULL, NULL, NULL, NULL, NULL, 'N', 'Y', 'N', '2016-03-15 12:45:01', '2016-03-15 12:45:01'),
(50, 2, 10, 16, 102, 15, NULL, 'indirect', 'residential', 'me', '9999999', '76767', '567676575', 'dfvdfgdfg', '82', 'sale', 2250, 'marla', 'average', 95, 'lakh', 0, NULL, NULL, NULL, NULL, NULL, 'N', 'Y', 'N', '2016-03-15 22:08:00', '2016-03-15 22:08:00'),
(51, 2, 10, 16, 100, 7, NULL, 'direct', 'residential', NULL, 'Akbar', '03215424272', '03215424272', 'Jr', '248', 'sale', 4500, 'kanal', 'non-corner', 14500000, 'lakh', 0, NULL, NULL, NULL, NULL, NULL, 'N', 'Y', 'Y', '2016-03-16 13:56:31', '2016-03-21 16:50:34'),
(52, 2, 10, 19, 118, 15, NULL, 'direct', 'commercial', NULL, 'Junaid gulber ', '999999999', '44444444', ')(($$&(', '36', 'sale', 900, 'marla', 'average', 200, 'lakh', 0, NULL, NULL, NULL, NULL, NULL, 'N', 'Y', 'N', '2016-03-17 15:16:57', '2016-03-17 15:16:57'),
(58, 2, 10, 22, 134, 3, NULL, 'indirect', 'residential', 'Estate International', 'Mehmood Ahmed Virk', '03004002213', '03004002213', 'K Block', '108', 'sale', 4500, 'kanal', 'average', 8100000, 'lakh', 0, NULL, NULL, NULL, NULL, NULL, 'N', 'Y', 'N', '2016-03-17 16:24:32', '2016-03-17 16:24:32'),
(59, 2, 10, 13, 72, 19, NULL, 'indirect', 'residential', 'defence developer', 'anwar shah', '03244345532', '03244345532', 'defence developer', '657', 'sale', 4500, 'kanal', 'average', 14600000, 'lakh', 0, NULL, NULL, NULL, NULL, NULL, 'N', 'Y', 'N', '2016-03-18 10:45:11', '2016-03-18 10:47:09'),
(60, 2, 10, 22, 132, 19, NULL, 'indirect', 'residential', 'easy deal', 'mumtaz', '03218468555', '03218468555', 'easy deal', '476', 'sale', 4500, 'kanal', 'average', 9500000, 'lakh', 0, NULL, NULL, NULL, NULL, NULL, 'N', 'Y', 'N', '2016-03-18 10:58:31', '2016-03-18 10:58:31'),
(61, 2, 10, 22, 141, 19, NULL, 'indirect', 'residential', 'easy deal', 'mumtaz', '03218468555', '03218468555', 'easy deal', '664', 'sale', 4500, 'kanal', 'average', 700000, 'lakh', 0, NULL, NULL, NULL, NULL, NULL, 'N', 'Y', 'N', '2016-03-18 11:04:10', '2016-03-18 11:04:10'),
(62, 2, 10, 22, 133, 19, NULL, 'indirect', 'residential', 'easy deal', 'mumtaz', '03218468555', '03218468555', 'easy deal', '227', 'sale', 4500, 'kanal', 'average', 9700000, 'lakh', 0, NULL, NULL, NULL, NULL, NULL, 'N', 'Y', 'N', '2016-03-18 11:09:47', '2016-03-18 11:09:47'),
(63, 2, 10, 14, 83, 19, NULL, 'indirect', 'residential', 'estate masters', 'bilal bhatti', '03229977997', '03229977997', 'estate masters', '1090', 'sale', 4500, 'kanal', 'average', 14500000, 'lakh', 0, NULL, NULL, NULL, NULL, NULL, 'N', 'Y', 'N', '2016-03-18 11:23:05', '2016-03-18 11:23:05'),
(64, 2, 10, 14, 79, 19, NULL, 'indirect', 'residential', 'estate masters', 'bilal bhatti', '03229977997', '03229977997', 'estate masters', '550', 'sale', 4500, 'kanal', 'average', 14500000, 'lakh', 0, NULL, NULL, NULL, NULL, NULL, 'N', 'Y', 'N', '2016-03-18 11:28:49', '2016-03-18 11:28:49'),
(65, 2, 10, 14, 84, 19, NULL, 'indirect', 'residential', 'estate masters', 'bilal bhatti', '03229977997', '03229977997', 'estate masters', '594', 'sale', 4500, 'kanal', 'average', 15500000, 'lakh', 0, NULL, NULL, NULL, NULL, NULL, 'N', 'Y', 'N', '2016-03-18 11:38:21', '2016-03-18 11:38:21'),
(66, 2, 10, 22, 132, 19, NULL, 'indirect', 'residential', 'estate masters', 'imtiaz', '03228888429', '03228888429', 'estate masters', '813', 'sale', 4500, 'kanal', 'average', 7300000, 'lakh', 0, NULL, NULL, NULL, NULL, NULL, 'N', 'Y', 'N', '2016-03-18 11:45:29', '2016-03-18 11:45:29'),
(67, 2, 10, 22, 142, 19, NULL, 'indirect', 'residential', 'estate masters', 'imtiaz', '03228888429', '03228888429', 'estate masters', '897', 'sale', 4500, 'kanal', 'average', 6800000, 'lakh', 0, NULL, NULL, NULL, NULL, NULL, 'N', 'Y', 'N', '2016-03-18 11:48:49', '2016-03-18 11:48:49'),
(68, 2, 10, 14, 81, 19, NULL, 'indirect', 'residential', 'estate masters', 'iqbal', '03214427373', '03214427373', 'estate masters', '1810', 'sale', 2250, 'marla', 'average', 700000, 'lakh', 0, NULL, NULL, NULL, NULL, NULL, 'N', 'Y', 'N', '2016-03-18 11:53:58', '2016-03-18 11:53:58'),
(69, 2, 10, 13, 62, 19, NULL, 'indirect', 'residential', 'estate masters', 'iqbal', '03214427373', '03214427373', 'estate masters', '1597', 'sale', 1125, 'marla', 'average', 5700000, 'lakh', 0, NULL, NULL, NULL, NULL, NULL, 'N', 'Y', 'N', '2016-03-18 12:01:44', '2016-03-18 12:01:44'),
(70, 2, 10, 22, 143, 19, NULL, 'indirect', 'residential', 'zain baba estate', 'zahid', '03224446270', '03224446270', 'zain baba estate', '769', 'sale', 4500, 'kanal', 'average', 6200000, 'lakh', 0, NULL, NULL, NULL, NULL, NULL, 'N', 'Y', 'N', '2016-03-18 12:18:27', '2016-03-18 12:36:42'),
(71, 2, 10, 22, 144, 19, NULL, 'indirect', 'residential', 'zain baba estate', 'zahid', '03224446270', '03224446270', 'zain baba estate', '103', 'sale', 4500, 'kanal', 'average', 8500000, 'lakh', 0, NULL, NULL, NULL, NULL, NULL, 'N', 'Y', 'N', '2016-03-18 12:32:56', '2016-03-18 12:32:56'),
(72, 2, 10, 22, 132, 19, NULL, 'indirect', 'residential', 'zain baba estate', 'zahid', '03224446270', '03224446270', 'zain baba estate', '314', 'sale', 4500, 'kanal', 'average', 10600000, 'lakh', 0, NULL, NULL, NULL, NULL, NULL, 'N', 'Y', 'N', '2016-03-18 12:38:57', '2016-03-18 12:38:57'),
(73, 2, 10, 22, 138, 19, NULL, 'indirect', 'residential', 'zain baba estate', 'zahid', '03224446270', '03224446270', 'zain baba estate', '1884', 'sale', 2250, 'marla', 'average', 4700000, 'lakh', 0, NULL, NULL, NULL, NULL, NULL, 'N', 'Y', 'N', '2016-03-18 12:41:55', '2016-03-18 12:41:55'),
(74, 2, 10, 14, 84, 19, NULL, 'indirect', 'residential', 'town estate', 'imran ', '03222003088', '03222003088', 'town estate', '1071', 'sale', 4500, 'kanal', 'average', 14200000, 'lakh', 0, NULL, NULL, NULL, NULL, NULL, 'N', 'Y', 'N', '2016-03-18 12:50:50', '2016-03-18 12:50:50'),
(75, 2, 10, 14, 84, 19, NULL, 'indirect', 'residential', 'town estate', 'imran', '03222003088', '03222003088', 'town estate', '480', 'sale', 4500, 'kanal', 'average', 1500000, 'lakh', 0, NULL, NULL, NULL, NULL, NULL, 'N', 'Y', 'N', '2016-03-19 10:02:12', '2016-03-19 10:02:12'),
(76, 2, 10, 14, 82, 19, NULL, 'indirect', 'residential', 'town estate', 'imran', '03222003088', '03222003088', 'town estate', '1156', 'sale', 4500, 'kanal', 'average', 1200000, 'lakh', 0, NULL, NULL, NULL, NULL, NULL, 'N', 'Y', 'N', '2016-03-19 10:05:25', '2016-03-19 10:05:25'),
(77, 2, 10, 14, 79, 19, NULL, 'indirect', 'residential', 'town estate', 'imran', '03222003088', '03222003088', 'town estate', '129', 'sale', 4500, 'kanal', 'average', 14600000, 'lakh', 0, NULL, NULL, NULL, NULL, NULL, 'N', 'Y', 'N', '2016-03-19 10:09:12', '2016-03-19 10:09:12'),
(78, 2, 10, 14, 79, 19, NULL, 'indirect', 'residential', 'town estate', 'imran', '03222003088', '03222003088', 'town estate', '311', 'sale', 4500, 'kanal', 'average', 1400000, 'lakh', 0, NULL, NULL, NULL, NULL, NULL, 'N', 'Y', 'N', '2016-03-19 10:12:51', '2016-03-19 10:12:51'),
(79, 2, 10, 14, 77, 19, NULL, 'indirect', 'residential', 'town estate', 'imran', '03222003088', '03222003088', 'town estate', '51', 'sale', 4500, 'kanal', 'average', 1700000, 'lakh', 0, NULL, NULL, NULL, NULL, NULL, 'N', 'Y', 'N', '2016-03-19 10:15:02', '2016-03-19 10:15:02'),
(80, 2, 10, 14, 84, 19, NULL, 'indirect', 'residential', 'town estate', 'imran', '03222003088', '03222003088', 'town estate', '854', 'sale', 4500, 'kanal', 'average', 1500000, 'lakh', 0, NULL, NULL, NULL, NULL, NULL, 'N', 'Y', 'N', '2016-03-19 10:17:10', '2016-03-19 10:17:10'),
(81, 2, 10, 14, 82, 19, NULL, 'indirect', 'residential', 'foster estate', 'ali', '03218445938', '03218445938', 'foster estate', '1819', 'sale', 4500, 'kanal', 'average', 10500000, 'lakh', 0, NULL, NULL, NULL, NULL, NULL, 'N', 'Y', 'N', '2016-03-19 10:22:52', '2016-03-19 10:22:52'),
(82, 2, 10, 14, 79, 19, NULL, 'indirect', 'residential', 'foster estate', 'ali', '03218445938', '03218445938', 'foster estate', '289', 'sale', 4500, 'kanal', 'corner', 15500000, 'lakh', 0, NULL, NULL, NULL, NULL, NULL, 'N', 'Y', 'N', '2016-03-19 10:29:15', '2016-03-19 10:29:15'),
(83, 2, 10, 14, 82, 19, NULL, 'indirect', 'residential', 'foster estate', 'ali', '03218445938', '03218445938', 'foster estate', '131', 'sale', 4500, 'kanal', 'average', 1300000, 'lakh', 0, NULL, NULL, NULL, NULL, NULL, 'N', 'Y', 'N', '2016-03-19 10:33:54', '2016-03-19 10:33:54'),
(84, 2, 10, 14, 86, 19, NULL, 'indirect', 'residential', 'foster estate', 'ali', '03218445938', '03218445938', 'foster estate', '3905', 'sale', 2250, 'marla', 'average', 7200000, 'lakh', 0, NULL, NULL, NULL, NULL, NULL, 'N', 'Y', 'N', '2016-03-19 10:38:34', '2016-03-19 10:38:34'),
(85, 2, 10, 14, 86, 19, NULL, 'indirect', 'residential', 'foster estate', 'ali', '03218445938', '03218445938', 'foster estate', '1540', 'sale', 4500, 'kanal', 'average', 11500000, 'lakh', 0, NULL, NULL, NULL, NULL, NULL, 'N', 'Y', 'N', '2016-03-19 10:42:25', '2016-03-19 10:42:25'),
(86, 2, 10, 22, 132, 19, NULL, 'indirect', 'residential', 'foster estate', 'ali', '03218445938', '03218445938', 'foster estate', '322', 'sale', 4500, 'kanal', 'average', 10200000, 'lakh', 0, NULL, NULL, NULL, NULL, NULL, 'N', 'Y', 'N', '2016-03-19 10:56:26', '2016-03-19 10:56:26'),
(87, 2, 10, 22, 132, 19, NULL, 'indirect', 'residential', 'foster estate', 'ali', '03218445938', '03218445938', 'foster estate', '818', 'sale', 4500, 'kanal', 'average', 8200000, 'lakh', 0, NULL, NULL, NULL, NULL, NULL, 'N', 'Y', 'N', '2016-03-19 11:03:28', '2016-03-19 11:03:28'),
(88, 2, 10, 18, 116, 19, NULL, 'indirect', 'residential', 'No.1 properties', 'khawaja adeel', '03334310919', '03334310919', 'khawaja adee', '1197', 'sale', 1125, 'marla', 'corner', 5300000, 'lakh', 0, NULL, NULL, NULL, NULL, NULL, 'N', 'Y', 'N', '2016-03-19 11:17:10', '2016-03-19 11:17:10'),
(89, 2, 10, 18, 116, 19, NULL, 'indirect', 'residential', 'No.1 properties', 'khawaja adeel', '03334310919', '03334310919', 'N0.1 properties', '783', 'sale', 1125, 'marla', 'average', 5200000, 'lakh', 0, NULL, NULL, NULL, NULL, NULL, 'N', 'Y', 'N', '2016-03-19 11:23:31', '2016-03-19 11:23:31'),
(90, 2, 10, 18, 114, 19, NULL, 'indirect', 'residential', 'No.1 properties', 'khawaja adeel', '03334310919', '03334310919', 'N0.1 properties', '808', 'sale', 1125, 'marla', 'average', 5600000, 'lakh', 0, NULL, NULL, NULL, NULL, NULL, 'N', 'Y', 'N', '2016-03-19 12:07:26', '2016-03-19 12:07:26'),
(91, 2, 10, 18, 115, 19, NULL, 'indirect', 'residential', 'No.1 properties', 'khawaja adeel', '03334310919', '03334310919', 'N0.1 properties', '306', 'sale', 1125, 'marla', 'average', 5800000, 'lakh', 0, NULL, NULL, NULL, NULL, NULL, 'N', 'Y', 'N', '2016-03-19 12:54:37', '2016-03-19 12:54:37'),
(92, 2, 10, 18, 115, 19, NULL, 'indirect', 'residential', 'No.1 properties', 'khawaja adeel', '03334310919', '03334310919', 'N0.1 properties', '297', 'sale', 1125, 'marla', 'average', 5600000, 'lakh', 0, NULL, NULL, NULL, NULL, NULL, 'N', 'Y', 'N', '2016-03-19 12:56:00', '2016-03-19 12:56:00'),
(93, 2, 10, 18, 116, 19, NULL, 'indirect', 'residential', 'No.1 properties', 'khawaja adeel', '03334310919', '03334310919', 'N0.1 properties', '1243', 'sale', 1800, 'marla', 'average', 7900000, 'lakh', 0, NULL, NULL, NULL, NULL, NULL, 'N', 'Y', 'N', '2016-03-19 12:57:21', '2016-03-19 12:57:21'),
(94, 2, 10, 16, 102, 19, NULL, 'direct', 'residential', NULL, 'Malik adeel', '03234320100', '03234320100', 'JR Property', '140', 'sale', 4500, 'kanal', 'average', 1400000, 'lakh', 0, NULL, NULL, NULL, NULL, NULL, 'N', 'Y', 'N', '2016-03-21 15:47:36', '2016-03-21 15:47:36'),
(95, 2, 10, 16, 100, 19, NULL, 'direct', 'residential', NULL, 'Malik adeel', '03234320100', '03234320100', 'JR Property', '135', 'sale', 4500, 'kanal', 'average', 13500000, 'lakh', 0, NULL, NULL, NULL, NULL, NULL, 'N', 'Y', 'N', '2016-03-21 15:50:57', '2016-03-21 15:50:57'),
(96, 2, 10, 13, 59, 19, NULL, 'direct', 'residential', NULL, 'Malik adeel', '03234320100', '03234320100', 'JR Property', '830', 'sale', 4500, 'kanal', 'average', 19500000, 'lakh', 0, NULL, NULL, NULL, NULL, NULL, 'N', 'Y', 'N', '2016-03-21 15:57:12', '2016-03-21 15:57:12'),
(97, 2, 10, 13, 59, 19, NULL, 'direct', 'residential', NULL, 'Malik adeel', '03234320100', '03234320100', 'JR Property', '242', 'sale', 4500, 'kanal', 'average', 18500000, 'lakh', 0, NULL, NULL, NULL, NULL, NULL, 'N', 'Y', 'N', '2016-03-21 16:02:39', '2016-03-21 16:02:39'),
(98, 2, 10, 13, 58, 19, NULL, 'direct', 'residential', NULL, 'Malik adeel', '03234320100', '03234320100', 'JR Property', '4', 'sale', 4500, 'kanal', 'average', 18500000, 'lakh', 0, NULL, NULL, NULL, NULL, NULL, 'N', 'Y', 'N', '2016-03-21 16:05:37', '2016-03-21 16:05:37'),
(99, 2, 10, 13, 61, 19, NULL, 'direct', 'residential', NULL, 'Malik adeel', '03234320100', '03234320100', 'JR Property', '84', 'sale', 4500, 'kanal', 'average', 2200000, 'lakh', 0, NULL, NULL, NULL, NULL, NULL, 'N', 'Y', 'N', '2016-03-21 16:08:41', '2016-03-21 16:08:41'),
(100, 2, 10, 13, 67, 19, NULL, 'direct', 'residential', NULL, 'Malik adeel', '03234320100', '03234320100', 'JR Property', '305', 'sale', 4500, 'kanal', 'average', 22500000, 'lakh', 0, NULL, NULL, NULL, NULL, NULL, 'N', 'Y', 'N', '2016-03-21 16:10:34', '2016-03-21 16:10:34'),
(101, 2, 10, 13, 67, 19, NULL, 'direct', 'residential', NULL, 'Malik adeel', '03234320100', '03234320100', 'JR Property', '350', 'sale', 9000, 'kanal', 'average', 48500000, 'lakh', 0, NULL, NULL, NULL, NULL, NULL, 'N', 'Y', 'N', '2016-03-21 16:25:02', '2016-03-21 16:25:02'),
(102, 2, 10, 14, 86, 19, NULL, 'direct', 'residential', NULL, 'Malik adeel', '03234320100', '03234320100', 'JR Property', '2262', 'sale', 4500, 'kanal', 'average', 1200000, 'lakh', 0, NULL, NULL, NULL, NULL, NULL, 'N', 'Y', 'N', '2016-03-21 16:28:04', '2016-03-21 16:28:04'),
(103, 2, 10, 14, 82, 19, NULL, 'direct', 'residential', NULL, 'Malik adeel', '03234320100', '03234320100', 'JR Property', '313', 'sale', 4500, 'kanal', 'average', 13500000, 'lakh', 0, NULL, NULL, NULL, NULL, NULL, 'N', 'Y', 'N', '2016-03-21 16:29:20', '2016-03-21 16:29:20'),
(104, 2, 10, 14, 80, 19, NULL, 'direct', 'residential', NULL, 'Malik adeel', '03234320100', '03234320100', 'JR Property', '197', 'sale', 4500, 'kanal', 'average', 1300000, 'lakh', 0, NULL, NULL, NULL, NULL, NULL, 'N', 'Y', 'N', '2016-03-21 16:30:47', '2016-03-21 16:30:47'),
(105, 2, 10, 16, 99, 6, NULL, 'direct', 'residential', NULL, '0300-4672774', '0300-4672774', '111 167 167', 'DHA Phase 8', '219', 'sale', 2250, 'marla', 'corner', 9500000, 'lakh', 0, NULL, NULL, NULL, NULL, NULL, 'N', 'Y', 'N', '2016-03-21 16:47:39', '2016-03-21 16:47:39'),
(106, 2, 10, 16, 99, 6, NULL, 'indirect', 'residential', 'JR Property', '0300-4672774', '0300-4672774', '0300-4672774', 'DHA Phase 8', '73', 'sale', 2250, 'marla', 'average', 10000000, 'lakh', 0, NULL, NULL, NULL, NULL, NULL, 'N', 'Y', 'N', '2016-03-21 16:56:43', '2016-03-21 16:59:19'),
(107, 2, 10, 16, 97, 6, NULL, 'indirect', 'residential', 'JR Property', '0300-4672774', '0300-4672774', '0300-4672774', 'DHA Phase 8', '242', 'sale', 2250, 'marla', 'average', 9500000, 'lakh', 0, NULL, NULL, NULL, NULL, NULL, 'N', 'Y', 'N', '2016-03-21 17:07:03', '2016-03-21 17:07:03'),
(108, 2, 10, 22, 142, 9, NULL, 'indirect', 'residential', 'JR Property', '03218496799', '03218496799', '03218496799', 'JR Property Phase 8', '925', 'sale', 4500, 'kanal', 'corner', 8000000, 'lakh', 0, NULL, NULL, NULL, NULL, NULL, 'Y', 'Y', 'Y', '2016-03-21 21:56:39', '2016-03-26 11:57:37'),
(109, 2, 10, 22, 132, 9, NULL, 'indirect', 'residential', 'JR Property', '03218496799', '03218496799', '03218496799', 'JR Property Phase 8', '536', 'sale', 4500, 'kanal', 'average', 9500000, 'lakh', 0, NULL, NULL, NULL, NULL, NULL, 'Y', 'Y', 'N', '2016-03-21 21:59:41', '2016-03-21 21:59:41'),
(110, 2, 10, 22, 139, 9, NULL, 'indirect', 'residential', 'JR Property', '03218496799', '03218496799', '03218496799', 'JR Property Phase 8', '1649', 'sale', 2250, 'marla', 'facing-park', 5500000, 'lakh', 0, NULL, NULL, NULL, NULL, NULL, 'N', 'Y', 'N', '2016-03-22 11:53:44', '2016-03-22 11:53:44'),
(111, 2, 10, 16, 97, 6, NULL, 'indirect', 'residential', 'JR Property', '0300-4672774', '0300-4672774', '0300-4672774', 'DHA Phase 8', '256', 'sale', 5175, 'marla', 'average', 16000000, 'lakh', 0, NULL, NULL, NULL, NULL, NULL, 'N', 'Y', 'N', '2016-03-22 11:59:10', '2016-03-22 11:59:10'),
(112, 2, 10, 16, 100, 6, NULL, 'indirect', 'residential', 'JR Property', '0300-4672774', '0300-4672774', '0300-4672774', 'DHA Phase 8', '69', 'sale', 4725, 'marla', 'average', 13500000, 'lakh', 0, NULL, NULL, NULL, NULL, NULL, 'N', 'Y', 'N', '2016-03-22 12:00:43', '2016-03-22 12:00:43'),
(113, 2, 10, 15, 93, 6, NULL, 'indirect', 'residential', 'JR Property', '0300-4672774', '0300-4672774', '0300-4672774', 'DHA Phase 8', '1093', 'sale', 4500, 'marla', 'average', 18000000, 'lakh', 0, NULL, NULL, NULL, NULL, NULL, 'N', 'Y', 'N', '2016-03-22 12:25:12', '2016-03-22 12:25:12'),
(114, 2, 10, 15, 95, 6, NULL, 'direct', 'residential', NULL, '0300-4672774', '0300-4672774', '0300-4672774', 'DHA Phase 8', '994', 'sale', 4500, 'marla', 'main-boulevard', 17500000, 'lakh', 0, NULL, NULL, NULL, NULL, NULL, 'N', 'Y', 'N', '2016-03-22 12:27:02', '2016-03-22 12:27:02'),
(115, 2, 10, 15, 95, 6, NULL, 'indirect', 'residential', 'JR Property', '0300-4672774', '0300-4672774', '111 167 167', 'DHA Phase 8', '384', 'sale', 4500, 'marla', 'average', 19000000, 'lakh', 0, NULL, NULL, NULL, NULL, NULL, 'N', 'Y', 'N', '2016-03-22 12:29:47', '2016-03-22 12:29:47'),
(116, 2, 10, 15, 91, 6, NULL, 'indirect', 'residential', 'JR Property', '0300-4672774', '0300-4672774', '111 167 167', 'DHA Phase 8', '682', 'sale', 4500, 'marla', 'average', 14000000, 'lakh', 0, NULL, NULL, NULL, NULL, NULL, 'N', 'Y', 'N', '2016-03-22 12:31:37', '2016-03-22 12:31:37'),
(117, 2, 10, 16, 102, 19, NULL, 'direct', 'residential', NULL, 'Asif  Mehmood', '03218894008', '03218894008', 'JR Property', '62', 'sale', 2250, 'marla', 'average', 1000000, 'lakh', 0, NULL, NULL, NULL, NULL, NULL, 'Y', 'Y', 'N', '2016-03-22 13:35:01', '2016-03-22 13:59:37'),
(118, 2, 10, 16, 102, 19, NULL, 'direct', 'residential', NULL, 'Asif  Mehmood', '03218894008', '03218894008', 'JR Property', '44', 'sale', 2475, 'marla', 'average', 1100000, 'lakh', 0, NULL, NULL, NULL, NULL, NULL, 'Y', 'Y', 'N', '2016-03-22 13:39:42', '2016-03-22 13:59:10'),
(119, 2, 10, 16, 102, 19, NULL, 'direct', 'residential', NULL, 'Asif  Mehmood', '03218894008', '03218894008', 'JR Property', '85', 'sale', 2250, 'marla', 'average', 9500000, 'lakh', 0, NULL, NULL, NULL, NULL, NULL, 'Y', 'Y', 'N', '2016-03-22 13:40:57', '2016-03-22 13:58:20'),
(120, 2, 10, 16, 101, 19, NULL, 'direct', 'residential', NULL, 'Asif  Mehmood', '03218894008', '03218894008', 'JR Property', '138', 'sale', 4500, 'kanal', 'average', 13500000, 'lakh', 0, NULL, NULL, NULL, NULL, NULL, 'Y', 'Y', 'N', '2016-03-22 13:42:33', '2016-03-22 13:57:47'),
(121, 2, 10, 16, 101, 19, NULL, 'direct', 'residential', NULL, 'Asif  Mehmood', '03218894008', '03218894008', 'JR Property', '155', 'sale', 2250, 'marla', 'average', 1000000, 'lakh', 0, NULL, NULL, NULL, NULL, NULL, 'Y', 'Y', 'N', '2016-03-22 13:44:35', '2016-03-22 13:57:21'),
(122, 2, 10, 16, 101, 19, NULL, 'direct', 'residential', NULL, 'Asif  Mehmood', '03218894008', '03218894008', 'JR Property', '192', 'sale', 2250, 'marla', 'average', 1000000, 'lakh', 0, NULL, NULL, NULL, NULL, NULL, 'Y', 'Y', 'N', '2016-03-22 13:46:46', '2016-03-22 13:56:03'),
(123, 2, 10, 16, 100, 19, NULL, 'direct', 'residential', NULL, 'Asif  Mehmood', '03218894008', '03218894008', 'JR Property', '27', 'sale', 2250, 'marla', 'average', 10500000, 'lakh', 0, NULL, NULL, NULL, NULL, NULL, 'Y', 'Y', 'N', '2016-03-22 13:51:49', '2016-03-22 13:57:03'),
(124, 2, 10, 16, 100, 19, NULL, 'direct', 'residential', NULL, 'Asif  Mehmood', '03218894008', '03218894008', 'JR Property', '130', 'sale', 2250, 'marla', 'average', 1100000, 'lakh', 0, NULL, NULL, NULL, NULL, NULL, 'Y', 'Y', 'N', '2016-03-22 14:03:32', '2016-03-22 14:03:32'),
(125, 2, 10, 16, 100, 19, NULL, 'direct', 'residential', NULL, 'Asif  Mehmood', '03218894008', '03218894008', 'JR Property', '279', 'sale', 4500, 'kanal', 'average', 13500000, 'lakh', 0, NULL, NULL, NULL, NULL, NULL, 'Y', 'Y', 'N', '2016-03-22 14:05:11', '2016-03-22 14:05:11'),
(126, 2, 10, 16, 100, 19, NULL, 'direct', 'residential', NULL, 'Asif  Mehmood', '03218894008', '03218894008', 'JR Property', '69', 'sale', 4500, 'kanal', 'average', 1400000, 'lakh', 0, NULL, NULL, NULL, NULL, NULL, 'Y', 'Y', 'N', '2016-03-22 14:43:38', '2016-03-22 14:43:38'),
(127, 2, 10, 16, 97, 19, NULL, 'direct', 'residential', NULL, 'Asif  Mehmood', '03218894008', '03218894008', 'JR Property', '352', 'sale', 4500, 'kanal', 'average', 12500000, 'lakh', 0, NULL, NULL, NULL, NULL, NULL, 'Y', 'Y', 'N', '2016-03-22 14:45:40', '2016-03-22 14:45:40'),
(128, 2, 10, 16, 97, 19, NULL, 'direct', 'residential', NULL, 'Asif  Mehmood', '03218894008', '03218894008', 'JR Property', '130', 'sale', 2250, 'marla', 'average', 9500000, 'lakh', 0, NULL, NULL, NULL, NULL, NULL, 'Y', 'Y', 'N', '2016-03-22 14:47:13', '2016-03-22 15:12:40'),
(129, 2, 10, 16, 97, 19, NULL, 'direct', 'residential', NULL, 'Asif  Mehmood', '03218894008', '03218894008', 'JR Property', '222', 'sale', 2250, 'marla', 'average', 1100000, 'lakh', 0, NULL, NULL, NULL, NULL, NULL, 'Y', 'Y', 'N', '2016-03-22 14:49:20', '2016-03-22 14:49:20'),
(130, 2, 10, 16, 97, 19, NULL, 'direct', 'residential', NULL, 'Asif  Mehmood', '03218894008', '03218894008', 'JR Property', '193', 'sale', 2250, 'marla', 'average', 10500000, 'lakh', 0, NULL, NULL, NULL, NULL, NULL, 'Y', 'Y', 'N', '2016-03-22 14:54:50', '2016-03-22 14:54:50'),
(131, 2, 10, 16, 98, 19, NULL, 'direct', 'residential', NULL, 'Asif  Mehmood', '03218894008', '03218894008', 'JR Property', '18', 'sale', 2250, 'marla', 'average', 10500000, 'lakh', 0, NULL, NULL, NULL, NULL, NULL, 'Y', 'Y', 'N', '2016-03-22 14:57:31', '2016-03-22 14:57:31'),
(132, 2, 10, 16, 98, 19, NULL, 'direct', 'residential', NULL, 'Asif  Mehmood', '03218894008', '03218894008', 'JR Property', '73', 'sale', 2250, 'marla', 'average', 1100000, 'lakh', 0, NULL, NULL, NULL, NULL, NULL, 'Y', 'Y', 'N', '2016-03-22 14:59:26', '2016-03-22 15:12:57'),
(133, 2, 10, 16, 98, 19, NULL, 'direct', 'residential', NULL, 'Asif  Mehmood', '03218894008', '03218894008', 'JR Property', '104', 'sale', 2250, 'marla', 'average', 10800000, 'lakh', 0, NULL, NULL, NULL, NULL, NULL, 'Y', 'Y', 'N', '2016-03-22 15:05:56', '2016-03-22 15:05:56'),
(135, 2, 10, 16, 99, 19, NULL, 'direct', 'residential', NULL, 'Asif  Mehmood', '03218894008', '03218894008', 'JR Property', '283', 'sale', 2250, 'marla', 'average', 1000000, 'lakh', 0, NULL, NULL, NULL, NULL, NULL, 'Y', 'Y', 'N', '2016-03-22 15:30:44', '2016-03-22 15:30:44'),
(136, 2, 10, 16, 99, 19, NULL, 'direct', 'residential', NULL, 'Asif  Mehmood', '03218894008', '03218894008', 'JR Property', '251', 'sale', 2250, 'marla', 'average', 9500000, 'lakh', 0, NULL, NULL, NULL, NULL, NULL, 'Y', 'Y', 'N', '2016-03-22 15:34:11', '2016-03-22 15:34:11'),
(137, 2, 10, 16, 99, 19, NULL, 'direct', 'residential', NULL, 'Asif  Mehmood', '03218894008', '03218894008', 'JR Property', '277', 'sale', 2250, 'marla', 'average', 10500000, 'lakh', 0, NULL, NULL, NULL, NULL, NULL, 'Y', 'Y', 'N', '2016-03-22 15:35:41', '2016-03-22 15:35:41'),
(138, 2, 10, 16, 99, 19, NULL, 'direct', 'residential', NULL, 'Asif  Mehmood', '03218894008', '03218894008', 'JR Property', '340', 'sale', 2250, 'marla', 'average', 900000, 'lakh', 0, NULL, NULL, NULL, NULL, NULL, 'Y', 'Y', 'N', '2016-03-22 15:37:44', '2016-03-22 15:37:44'),
(139, 2, 10, 16, 99, 19, NULL, 'direct', 'residential', NULL, 'Asif  Mehmood', '03218894008', '03218894008', 'JR Property', '315', 'sale', 2250, 'marla', 'average', 10500000, 'lakh', 0, NULL, NULL, NULL, NULL, NULL, 'Y', 'Y', 'N', '2016-03-22 15:39:26', '2016-03-22 15:39:26'),
(140, 2, 10, 18, 115, 19, NULL, 'direct', 'residential', NULL, 'Muhammad Furqan', '03334266203', '03334266203', 'JR Property', '1638', 'sale', 1125, 'marla', 'average', 5900000, 'lakh', 0, NULL, NULL, NULL, NULL, NULL, 'Y', 'Y', 'N', '2016-03-22 15:43:26', '2016-03-22 15:43:26'),
(141, 2, 10, 18, 115, 19, NULL, 'direct', 'residential', NULL, 'Muhammad Furqan', '03334266203', '03334266203', 'JR Property', '1287', 'sale', 1125, 'marla', 'average', 5700000, 'lakh', 0, NULL, NULL, NULL, NULL, NULL, 'Y', 'Y', 'N', '2016-03-22 15:49:13', '2016-03-22 15:49:13'),
(142, 2, 10, 18, 115, 19, NULL, 'direct', 'residential', NULL, 'Muhammad Furqan', '03334266203', '03334266203', 'JR Property', '1284', 'sale', 1125, 'marla', 'average', 5650000, 'lakh', 0, NULL, NULL, NULL, NULL, NULL, 'Y', 'Y', 'N', '2016-03-22 15:55:42', '2016-03-22 15:55:42'),
(143, 2, 10, 18, 115, 19, NULL, 'direct', 'residential', NULL, 'Muhammad Furqan', '03334266203', '03334266203', 'JR Property', '574', 'sale', 1125, 'marla', 'average', 5600000, 'lakh', 0, NULL, NULL, NULL, NULL, NULL, 'Y', 'Y', 'N', '2016-03-22 15:59:00', '2016-03-22 15:59:00'),
(144, 2, 10, 18, 115, 19, NULL, 'direct', 'residential', NULL, 'Muhammad Furqan', '03334266203', '03334266203', 'JR Property', '416', 'sale', 1125, 'marla', 'average', 5800000, 'lakh', 0, NULL, NULL, NULL, NULL, NULL, 'Y', 'Y', 'N', '2016-03-22 16:01:29', '2016-03-22 16:01:29'),
(145, 2, 10, 18, 115, 19, NULL, 'direct', 'residential', NULL, 'Muhammad Furqan', '03334266203', '03334266203', 'JR Property', '231', 'sale', 1125, 'marla', 'average', 5500000, 'lakh', 0, NULL, NULL, NULL, NULL, NULL, 'Y', 'Y', 'N', '2016-03-22 16:08:07', '2016-03-22 16:08:07'),
(147, 2, 10, 16, 99, 15, NULL, 'indirect', 'residential', 'Saim', 'shokut', '26263635', '626252', 'Hsgsgsvd', '293', 'sale', 2250, 'marla', 'average', 105, 'lakh', 0, NULL, NULL, NULL, NULL, NULL, 'N', 'Y', 'N', '2016-03-24 14:45:29', '2016-03-24 14:45:29'),
(148, 2, 10, 16, 101, 15, NULL, 'direct', 'residential', NULL, '', '', '', '', '207', 'sale', 2475, 'marla', 'average', 10000000, 'lakh', 0, NULL, NULL, NULL, NULL, NULL, 'N', 'Y', 'N', '2016-03-25 12:47:52', '2016-03-25 12:47:52'),
(149, 2, 10, 12, 50, 20, NULL, 'indirect', 'residential', 'Honest Plus', 'Malik Azam', '0321-4000686', '', '', '225/2', 'sale', 4500, 'kanal', 'average', 32500000, 'lakh', 0, NULL, NULL, NULL, NULL, NULL, 'N', 'Y', 'N', '2016-03-26 10:46:37', '2016-03-26 10:48:00'),
(150, 2, 10, 12, 48, 20, NULL, 'indirect', 'residential', 'Honest Plus', 'Malik Azam', '0321-4000686', '0321-4000686', '', '170', 'sale', 4500, 'kanal', 'average', 32500000, 'lakh', 0, NULL, NULL, NULL, NULL, NULL, 'N', 'Y', 'N', '2016-03-26 10:47:50', '2016-03-26 10:47:50'),
(151, 2, 10, 12, 51, 20, NULL, 'indirect', 'residential', 'Honest Plus', 'Malik Azam', '0321-4000686', '0321-4000686', '', '272', 'sale', 4500, 'kanal', 'average', 22000000, 'lakh', 0, NULL, NULL, NULL, NULL, NULL, 'N', 'Y', 'N', '2016-03-26 10:48:56', '2016-03-26 10:48:56'),
(152, 2, 10, 12, 51, 20, NULL, 'indirect', 'residential', 'Honest Plus', 'Malik Azam', '0321-4000686', '', '', '276', 'sale', 4500, 'kanal', 'average', 23000000, 'lakh', 0, NULL, NULL, NULL, NULL, NULL, 'N', 'Y', 'N', '2016-03-26 10:49:59', '2016-03-26 10:49:59'),
(153, 2, 10, 12, 54, 20, NULL, 'indirect', 'residential', 'Honest Plus', 'Malik Azam', '0321-4000686', '0321-4000686', '', '394', 'sale', 4500, 'kanal', 'average', 27500000, 'lakh', 0, NULL, NULL, NULL, NULL, NULL, 'N', 'Y', 'N', '2016-03-26 10:50:54', '2016-03-26 10:51:31'),
(154, 2, 10, 12, 54, 20, NULL, 'indirect', 'residential', 'Honest Plus', 'Malik Azam', '0321-4000686', '0321-4000686', '', '220', 'sale', 4500, 'kanal', 'average', 20000000, 'lakh', 0, NULL, NULL, NULL, NULL, NULL, 'N', 'Y', 'N', '2016-03-26 10:52:50', '2016-03-26 10:52:56'),
(155, 2, 10, 14, 87, 20, NULL, 'indirect', 'residential', 'Defence Estate', 'Defence Estate', '03214484084', '03214484084', '', '1046', 'sale', 4500, 'kanal', 'average', 10500000, 'lakh', 0, NULL, NULL, NULL, NULL, NULL, 'N', 'Y', 'N', '2016-03-26 10:59:40', '2016-03-26 10:59:40'),
(156, 2, 10, 18, 115, 20, NULL, 'indirect', 'residential', 'Defence Estate', 'Defence Estate', '03214484084', '', '', '1161+1162', 'sale', 1125, 'marla', 'average', 12300000, 'lakh', 0, NULL, NULL, NULL, NULL, NULL, 'N', 'Y', 'N', '2016-03-26 11:01:31', '2016-03-26 11:05:06'),
(157, 2, 10, 15, 126, 20, NULL, 'indirect', 'residential', 'Defence Estate', 'Defence Estate', '03214484084', '', '', '632', 'sale', 2250, 'marla', 'average', 6000000, 'lakh', 0, NULL, NULL, NULL, NULL, NULL, 'N', 'Y', 'N', '2016-03-26 11:02:58', '2016-03-26 11:02:58'),
(158, 2, 10, 16, 101, 15, NULL, 'indirect', 'commercial', '', 'Srfraz king', '', '', '', '19', 'sale', 1800, 'marla', 'average', 400, 'lakh', 0, NULL, NULL, NULL, NULL, NULL, 'N', 'Y', 'N', '2016-03-26 11:03:43', '2016-03-26 11:03:43'),
(159, 2, 10, 16, 97, 15, NULL, 'indirect', 'commercial', '', 'Nasir u est', '', '', '', '', 'sale', 1800, 'marla', 'average', 45000000, 'lakh', 0, NULL, NULL, NULL, NULL, NULL, 'N', 'Y', 'N', '2016-03-26 11:05:11', '2016-03-26 11:05:11'),
(160, 2, 10, 18, 116, 20, NULL, 'indirect', 'residential', 'Jinnah Estate', 'Shafiq', '03218496603', '03218496603', '', '1654', 'sale', 1125, 'marla', 'average', 5200000, 'lakh', 0, NULL, NULL, NULL, NULL, NULL, 'N', 'Y', 'N', '2016-03-26 11:06:29', '2016-03-26 11:06:29'),
(161, 2, 10, 22, 150, 20, NULL, 'indirect', 'residential', 'Jinnah Estate', 'Shafiq', '03218496603', '', '', '2710', 'sale', 1125, 'marla', 'average', 4500000, 'lakh', 0, NULL, NULL, NULL, NULL, NULL, 'N', 'Y', 'N', '2016-03-26 11:08:05', '2016-03-26 11:08:05'),
(162, 2, 10, 14, 86, 20, NULL, 'indirect', 'residential', 'Jinnah Estate', 'Shafiq', '03218496603', '', '', '1396', 'sale', 4500, 'kanal', 'average', 10500000, 'lakh', 0, NULL, NULL, NULL, NULL, NULL, 'N', 'Y', 'N', '2016-03-26 11:09:14', '2016-03-26 11:09:14'),
(163, 2, 10, 14, 79, 20, NULL, 'indirect', 'residential', 'Jinnah Estate', 'Shafiq', '03218496603', '', '', '530', 'sale', 4500, 'kanal', 'average', 13500000, 'lakh', 0, NULL, NULL, NULL, NULL, NULL, 'N', 'Y', 'N', '2016-03-26 11:10:15', '2016-03-26 11:10:15'),
(164, 2, 10, 14, 82, 20, NULL, 'indirect', 'residential', 'Jinnah Estate', 'Shafiq', '03218496603', '03218496603', '', '1084', 'sale', 4500, 'kanal', 'average', 10700000, 'lakh', 0, NULL, NULL, NULL, NULL, NULL, 'N', 'Y', 'N', '2016-03-26 11:11:21', '2016-03-26 11:11:21'),
(165, 2, 10, 14, 82, 20, NULL, 'indirect', 'residential', 'Defence Estate', 'Shafiq', '03218496603', '', '', '2084', 'sale', 2250, 'marla', 'average', 7200000, 'lakh', 0, NULL, NULL, NULL, NULL, NULL, 'N', 'Y', 'N', '2016-03-26 11:12:21', '2016-03-26 11:12:21'),
(166, 2, 10, 9, 24, 20, NULL, 'indirect', 'residential', 'Brothers Estate', 'Riaz', '03218412282', '', '', '87/1', 'sale', 4500, 'kanal', 'average', 50000000, 'lakh', 0, NULL, NULL, NULL, NULL, NULL, 'N', 'Y', 'N', '2016-03-26 11:45:17', '2016-03-26 11:47:39'),
(167, 2, 10, 13, 57, 20, NULL, 'indirect', 'residential', 'Brothers Estate', 'Riaz', '03218412282', '', '', '295', 'sale', 4500, 'kanal', 'average', 15500000, 'lakh', 0, NULL, NULL, NULL, NULL, NULL, 'N', 'Y', 'N', '2016-03-26 11:47:19', '2016-03-26 11:47:19'),
(168, 2, 10, 13, 62, 20, NULL, 'indirect', 'residential', 'Brothers Estate', 'Riaz', '03218412282', '', '', '298', 'sale', 4500, 'kanal', 'average', 17000000, 'lakh', 0, NULL, NULL, NULL, NULL, NULL, 'N', 'Y', 'N', '2016-03-26 11:49:31', '2016-03-26 11:49:31'),
(169, 2, 10, 15, 91, 20, NULL, 'indirect', 'residential', 'Estate Services', 'Shabbir', '03228418035', '', '', '665', 'sale', 4500, 'kanal', 'average', 18500000, 'lakh', 0, NULL, NULL, NULL, NULL, NULL, 'N', 'Y', 'N', '2016-03-26 11:57:17', '2016-03-26 11:57:17'),
(170, 2, 10, 15, 95, 20, NULL, 'indirect', 'residential', 'Estate Services', 'Shabbir', '', '', '', '1158', 'sale', 4500, 'kanal', 'average', 17500000, 'lakh', 0, NULL, NULL, NULL, NULL, NULL, 'N', 'Y', 'N', '2016-03-26 11:58:28', '2016-03-26 11:58:28'),
(171, 2, 10, 22, 133, 9, NULL, 'indirect', 'residential', '', '', '', '', '', '208', 'sale', 4500, 'kanal', 'main-boulevard', 11500000, 'lakh', 0, NULL, NULL, NULL, NULL, NULL, 'N', 'Y', 'N', '2016-03-26 12:00:23', '2016-03-26 12:00:23'),
(172, 2, 10, 15, 93, 6, NULL, 'indirect', 'residential', 'JR Property', '0300-4672774', '0300-4672774', '0300-4672774', 'DHA Phase 8', '722', 'sale', 4500, 'marla', 'average', 18500000, 'lakh', 0, NULL, NULL, NULL, NULL, NULL, 'N', 'Y', 'N', '2016-03-26 12:05:07', '2016-03-26 12:05:07'),
(173, 2, 10, 15, 93, 6, NULL, 'indirect', 'residential', 'JR Property', '0300-4672774', '0300-4672774', '0300-4672774', 'DHA Phase 8', '685', 'sale', 4500, 'marla', 'average', 19000000, 'lakh', 0, NULL, NULL, NULL, NULL, NULL, 'N', 'Y', 'N', '2016-03-26 12:07:31', '2016-03-26 12:07:31'),
(174, 2, 10, 15, 94, 6, NULL, 'indirect', 'residential', 'JR Property', '0300-4672774', '0300-4672774', '0300-4672774', 'DHA Phase 8', '845', 'sale', 4500, 'marla', 'average', 22500000, 'lakh', 0, NULL, NULL, NULL, NULL, NULL, 'N', 'Y', 'N', '2016-03-26 12:08:51', '2016-03-26 12:08:51'),
(175, 2, 10, 15, 96, 6, NULL, 'indirect', 'residential', 'JR Property', '0300-4672774', '0300-4672774', '0300-4672774', 'DHA Phase 8', '252', 'sale', 1800, 'marla', 'average', 8800000, 'lakh', 0, NULL, NULL, NULL, NULL, NULL, 'N', 'Y', 'N', '2016-03-26 12:10:11', '2016-03-26 12:10:11'),
(176, 2, 10, 15, 96, 6, NULL, 'indirect', 'residential', 'JR Property', '0300-4672774', '0300-4672774', '0300-4672774', 'DHA Phase 8', '300', 'sale', 1125, 'marla', 'average', 5500000, 'lakh', 0, NULL, NULL, NULL, NULL, NULL, 'N', 'Y', 'N', '2016-03-26 12:11:13', '2016-03-26 12:11:13'),
(177, 2, 10, 16, 97, 4, NULL, 'direct', 'commercial', NULL, 'umrr', '', '03218894008', 'hotline', '36', 'sale', 900, 'marla', 'average', 250, 'lakh', 0, NULL, NULL, NULL, NULL, NULL, 'N', 'N', 'N', '2016-03-26 12:13:18', '2016-03-26 12:14:13'),
(178, 2, 10, 16, 97, 4, NULL, 'indirect', 'residential', 'hotline', 'umrr', '', '', '', '130', 'sale', 2250, 'marla', 'average', 95, 'lakh', 0, NULL, NULL, NULL, NULL, NULL, 'Y', 'N', 'N', '2016-03-26 12:16:13', '2016-03-26 12:16:13'),
(179, 2, 10, 16, 100, 4, NULL, 'indirect', 'residential', 'hotline', 'shafqat', '', '', '', '292 ', 'sale', 3375, 'marla', 'average', 105, 'lakh', 0, NULL, NULL, NULL, NULL, NULL, 'N', 'Y', 'N', '2016-03-26 12:18:21', '2016-03-26 12:18:21'),
(180, 2, 10, 16, 101, 4, NULL, 'indirect', 'commercial', 'credible', '', '', '', '', '52', 'sale', 900, 'marla', 'average', 200, 'lakh', 0, NULL, NULL, NULL, NULL, NULL, 'N', 'Y', 'N', '2016-03-26 12:19:41', '2016-03-26 12:19:41'),
(181, 2, 10, 19, 120, 4, NULL, 'indirect', 'residential', 'perfect estate', 'Rizwan sheikh', '', '', '', '230', 'sale', 4500, 'kanal', 'average', 115, 'lakh', 0, NULL, NULL, NULL, NULL, NULL, 'N', 'Y', 'N', '2016-03-26 12:21:01', '2016-03-26 12:21:01'),
(182, 2, 10, 19, 118, 4, NULL, 'direct', 'commercial', NULL, '', '', '', '', '15', 'sale', 1800, 'marla', 'main-boulevard', 425, 'lakh', 0, NULL, NULL, NULL, NULL, NULL, 'N', 'Y', 'N', '2016-03-26 12:21:53', '2016-03-26 12:21:53'),
(183, 2, 10, 15, 95, 20, NULL, 'indirect', 'residential', 'Estate Services', 'Shabbir', '03228418035', '', '', '1202', 'sale', 4500, 'kanal', 'corner', 17500000, 'lakh', 0, NULL, NULL, NULL, NULL, NULL, 'N', 'Y', 'N', '2016-03-26 12:22:05', '2016-03-26 12:22:05'),
(184, 2, 10, 19, 118, 4, NULL, 'direct', 'commercial', NULL, '', '', '', '', '54', 'sale', 900, 'marla', 'average', 200, 'lakh', 0, NULL, NULL, NULL, NULL, NULL, 'N', 'Y', 'N', '2016-03-26 12:22:41', '2016-03-26 12:22:41'),
(185, 2, 10, 16, 102, 4, NULL, 'direct', 'residential', NULL, '', '', '', '', '62', 'sale', 2250, 'marla', 'average', 95, 'lakh', 0, NULL, NULL, NULL, NULL, NULL, 'N', 'Y', 'N', '2016-03-26 12:24:29', '2016-03-26 12:24:29'),
(186, 2, 10, 16, 101, 4, NULL, 'indirect', 'residential', 'jved sb', 'amir shadmaan', '', '', '', '138', 'sale', 4500, 'kanal', 'average', 135, 'lakh', 0, NULL, NULL, NULL, NULL, NULL, 'N', 'Y', 'N', '2016-03-26 12:26:29', '2016-03-26 12:26:29'),
(187, 2, 10, 15, 94, 6, NULL, 'indirect', 'residential', 'JR Property', '0300-4672774', '0300-4672774', '0300-4672774', 'DHA Phase 8', '317', 'sale', 4500, 'marla', 'facing-park', 24000000, 'lakh', 0, NULL, NULL, NULL, NULL, NULL, 'N', 'Y', 'N', '2016-03-26 12:26:57', '2016-03-26 12:26:57'),
(188, 2, 10, 15, 93, 20, NULL, 'indirect', 'residential', 'Estate Services', 'Shabbir', '03228418035', '', '', '239', 'sale', 4500, 'kanal', 'average', 17000000, 'lakh', 0, NULL, NULL, NULL, NULL, NULL, 'N', 'Y', 'N', '2016-03-26 12:28:18', '2016-03-26 12:28:18'),
(189, 2, 10, 16, 102, 4, NULL, 'direct', 'residential', NULL, '', '', '', '', '85', 'sale', 2250, 'marla', 'average', 90, 'lakh', 0, NULL, NULL, NULL, NULL, NULL, 'N', 'Y', 'N', '2016-03-26 12:28:42', '2016-03-26 12:28:42'),
(190, 2, 10, 16, 97, 4, NULL, 'direct', 'residential', NULL, '', '', '', '', '229', 'sale', 2250, 'marla', 'average', 95, 'lakh', 0, NULL, NULL, NULL, NULL, NULL, 'N', 'Y', 'N', '2016-03-26 12:29:31', '2016-03-26 12:29:31'),
(191, 2, 10, 15, 92, 20, NULL, 'indirect', 'residential', 'Estate Services', 'Shabbir', '03228418035', '', '', '28', 'sale', 4500, 'kanal', 'average', 18500000, 'lakh', 0, NULL, NULL, NULL, NULL, NULL, 'N', 'Y', 'N', '2016-03-26 12:30:03', '2016-03-26 12:30:03'),
(192, 2, 10, 16, 100, 6, NULL, 'indirect', 'residential', 'JR Property', '0300-4672774', '0300-4672774', '0300-4672774', 'DHA Phase 8', '117', 'sale', 4500, 'marla', 'facing-park', 15000000, 'lakh', 0, NULL, NULL, NULL, NULL, NULL, 'N', 'Y', 'N', '2016-03-26 12:30:47', '2016-03-26 12:30:47'),
(193, 2, 10, 16, 97, 4, NULL, 'indirect', 'residential', 'national', 'azeem', '', '', '', '106', 'sale', 225, 'marla', 'corner', 165, 'lakh', 0, NULL, NULL, NULL, NULL, NULL, 'N', 'Y', 'N', '2016-03-26 12:31:08', '2016-03-26 12:31:08'),
(194, 2, 10, 22, 150, 20, NULL, 'indirect', 'residential', 'Estate Services', '', '03238466007', '', '', '40', 'sale', 1125, 'marla', 'average', 3200000, 'lakh', 0, NULL, NULL, NULL, NULL, NULL, 'N', 'Y', 'N', '2016-03-26 12:31:25', '2016-03-26 12:31:25'),
(195, 2, 10, 16, 100, 6, NULL, 'indirect', 'residential', 'JR Property', '0300-4672774', '0300-4672774', '0300-4672774', 'DHA Phase 8', '197', 'sale', 4500, 'marla', 'average', 14200000, 'lakh', 0, NULL, NULL, NULL, NULL, NULL, 'N', 'Y', 'N', '2016-03-26 12:31:45', '2016-03-26 12:31:45'),
(196, 2, 10, 16, 97, 4, NULL, 'direct', 'residential', NULL, '', '', '', '', '29', 'sale', 4500, 'kanal', 'corner', 150, 'lakh', 0, NULL, NULL, NULL, NULL, NULL, 'N', 'Y', 'N', '2016-03-26 12:31:48', '2016-03-26 12:31:48'),
(197, 2, 10, 18, 116, 20, NULL, 'indirect', 'residential', 'Estate Services', '', '03238466007', '', '', '1464', 'sale', 1125, 'marla', 'average', 5500000, 'lakh', 0, NULL, NULL, NULL, NULL, NULL, 'N', 'Y', 'N', '2016-03-26 12:32:43', '2016-03-26 12:32:43'),
(198, 2, 10, 16, 100, 6, NULL, 'indirect', 'residential', 'JR Property', '0300-4672774', '0300-4672774', '0300-4672774', 'DHA Phase 8', '55', 'sale', 4500, 'marla', 'average', 14000000, 'lakh', 0, NULL, NULL, NULL, NULL, NULL, 'N', 'Y', 'N', '2016-03-26 12:32:48', '2016-03-26 12:32:48'),
(199, 2, 10, 16, 97, 6, NULL, 'indirect', 'residential', 'JR Property', '0300-4672774', '0300-4672774', '0300-4672774', 'DHA Phase 8', '170', 'sale', 4500, 'marla', 'average', 15200000, 'lakh', 0, NULL, NULL, NULL, NULL, NULL, 'N', 'Y', 'N', '2016-03-26 12:33:45', '2016-03-26 12:33:45'),
(200, 2, 10, 16, 99, 4, NULL, 'indirect', 'residential', 'defence ', 'tahseen sb', '', '', '', '269', 'sale', 2250, 'marla', 'average', 95, 'lakh', 0, NULL, NULL, NULL, NULL, NULL, 'N', 'Y', 'N', '2016-03-26 12:34:12', '2016-03-26 12:34:12'),
(201, 2, 10, 16, 98, 6, NULL, 'indirect', 'residential', 'JR Property', '0300-4672774', '0300-4672774', '0300-4672774', 'DHA Phase 8', '4', 'sale', 2250, 'marla', 'average', 11000000, 'lakh', 0, NULL, NULL, NULL, NULL, NULL, 'N', 'Y', 'N', '2016-03-26 12:37:16', '2016-03-26 12:38:52'),
(202, 2, 10, 16, 98, 6, NULL, 'indirect', 'residential', 'JR Property', '0300-4672774', '0300-4672774', '0300-4672774', 'DHA Phase 8', '24', 'sale', 2250, 'marla', 'average', 11000000, 'lakh', 0, NULL, NULL, NULL, NULL, NULL, 'N', 'Y', 'N', '2016-03-26 12:38:19', '2016-03-26 12:38:19'),
(203, 2, 10, 16, 99, 6, NULL, 'indirect', 'residential', 'JR Property', '0300-4672774', '0300-4672774', '0300-4672774', 'DHA Phase 8', '73', 'sale', 2250, 'marla', 'average', 10000000, 'lakh', 0, NULL, NULL, NULL, NULL, NULL, 'N', 'Y', 'N', '2016-03-26 12:40:07', '2016-03-26 12:40:07'),
(204, 2, 10, 16, 99, 6, NULL, 'indirect', 'residential', 'JR Property', '0300-4672774', '0300-4672774', '0300-4672774', 'DHA Phase 8', '56', 'sale', 2250, 'marla', 'average', 10500000, 'lakh', 0, NULL, NULL, NULL, NULL, NULL, 'N', 'Y', 'N', '2016-03-26 12:41:51', '2016-03-26 12:41:51'),
(205, 2, 10, 16, 99, 6, NULL, 'direct', 'residential', NULL, '0300-4672774', '0300-4672774', '0300-4672774', 'DHA Phase 8', '340', 'sale', 2250, 'marla', 'average', 8500000, 'lakh', 0, NULL, NULL, NULL, NULL, NULL, 'N', 'Y', 'N', '2016-03-26 12:42:48', '2016-03-26 12:42:48'),
(206, 2, 10, 16, 99, 6, NULL, 'indirect', 'residential', 'JR Property', '0300-4672774', '0300-4672774', '0300-4672774', 'DHA Phase 8', '265', 'sale', 2700, 'marla', 'average', 11200000, 'lakh', 0, NULL, NULL, NULL, NULL, NULL, 'N', 'Y', 'N', '2016-03-26 12:45:13', '2016-03-26 12:45:13'),
(207, 2, 10, 12, 55, 20, NULL, 'indirect', 'residential', 'Property Chain', 'Arif', '03218459986', '', '', '417', 'sale', 4500, 'kanal', 'average', 25000000, 'lakh', 0, NULL, NULL, NULL, NULL, NULL, 'N', 'Y', 'N', '2016-03-26 12:45:56', '2016-03-26 12:45:56'),
(208, 2, 10, 16, 97, 6, NULL, 'indirect', 'residential', 'JR Property', '0300-4672774', '0300-4672774', '0300-4672774', 'DHA Phase 8', '134', 'sale', 2250, 'marla', 'average', 11000000, 'lakh', 0, NULL, NULL, NULL, NULL, NULL, 'N', 'Y', 'N', '2016-03-26 12:47:39', '2016-03-26 12:47:39'),
(209, 2, 10, 18, 116, 20, NULL, 'indirect', 'residential', 'Property Chain', 'Arif', '03218459986', '', '', '28', 'sale', 1800, 'marla', 'average', 7600000, 'lakh', 0, NULL, NULL, NULL, NULL, NULL, 'N', 'Y', 'N', '2016-03-26 12:49:13', '2016-03-26 12:49:13'),
(210, 2, 10, 16, 97, 6, NULL, 'indirect', 'residential', 'JR Property', '0300-4672774', '0300-4672774', '0300-4672774', 'DHA Phase 8', '226', 'sale', 2250, 'marla', 'average', 11000000, 'lakh', 0, NULL, NULL, NULL, NULL, NULL, 'N', 'Y', 'N', '2016-03-26 12:49:54', '2016-03-26 12:49:54');
INSERT INTO `properties` (`id`, `category_id`, `city_id`, `society_id`, `block_id`, `user_id`, `title`, `type`, `group`, `estate_name`, `contact_person`, `mobile`, `phone`, `address`, `property_no`, `purpose`, `size`, `size_unit`, `location`, `price`, `price_unit`, `price_converted`, `picture`, `detail`, `house_type`, `bedrooms`, `features`, `share_contact_info`, `share_property`, `sold`, `created_at`, `updated_at`) VALUES
(211, 2, 10, 16, 99, 6, NULL, 'indirect', 'residential', 'JR Property', '0300-4672774', '0300-4672774', '0300-4672774', 'DHA Phase 8', '337', 'sale', 2250, 'marla', 'average', 9200000, 'lakh', 0, NULL, NULL, NULL, NULL, NULL, 'N', 'Y', 'N', '2016-03-26 12:50:52', '2016-03-26 12:50:52'),
(212, 2, 10, 22, 132, 20, NULL, 'indirect', 'residential', 'Property Chain', 'Arif', '03218459986', '', '', '821', 'sale', 4500, 'kanal', 'average', 8500000, 'lakh', 0, NULL, NULL, NULL, NULL, NULL, 'N', 'Y', 'N', '2016-03-26 12:52:22', '2016-03-26 12:52:22'),
(213, 2, 10, 16, 99, 6, NULL, 'indirect', 'residential', 'JR Property', '0300-4672774', '0300-4672774', '0300-4672774', 'DHA Phase 8', '260', 'sale', 2250, 'marla', 'average', 9200000, 'lakh', 0, NULL, NULL, NULL, NULL, NULL, 'N', 'Y', 'N', '2016-03-26 12:54:06', '2016-03-26 12:54:06'),
(214, 2, 10, 13, 59, 20, NULL, 'indirect', 'residential', 'Property Chain', 'Arif', '03218459986', '', '', '34', 'sale', 4500, 'kanal', 'average', 2250000, 'lakh', 0, NULL, NULL, NULL, NULL, NULL, 'N', 'Y', 'N', '2016-03-26 12:54:07', '2016-03-26 12:54:07'),
(215, 2, 10, 16, 99, 6, NULL, 'indirect', 'residential', 'JR Property', '0300-4672774', '0300-4672774', '0300-4672774', 'DHA Phase 8', '264', 'sale', 2250, 'marla', 'average', 9500000, 'lakh', 0, NULL, NULL, NULL, NULL, NULL, 'N', 'Y', 'N', '2016-03-26 12:55:05', '2016-03-26 12:55:05'),
(216, 2, 10, 16, 97, 6, NULL, 'indirect', 'residential', 'JR Property', '0300-4672774', '0300-4672774', '0300-4672774', 'DHA Phase 8', '106', 'sale', 4500, 'marla', 'average', 16000000, 'lakh', 0, NULL, NULL, NULL, NULL, NULL, 'N', 'Y', 'N', '2016-03-26 12:56:22', '2016-03-26 12:56:22'),
(217, 2, 10, 22, 131, 20, NULL, 'indirect', 'residential', 'Estate International', 'Major Bhatta', '03224077775', '', '', '897', 'sale', 4500, 'kanal', 'average', 8600000, 'lakh', 0, NULL, NULL, NULL, NULL, NULL, 'N', 'Y', 'N', '2016-03-26 12:56:42', '2016-03-26 12:56:42'),
(218, 2, 10, 16, 101, 6, NULL, 'indirect', 'residential', 'JR Property', '0300-4672774', '0300-4672774', '0300-4672774', 'DHA Phase 8', '55', 'sale', 2250, 'marla', 'average', 9500000, 'lakh', 0, NULL, NULL, NULL, NULL, NULL, 'N', 'Y', 'N', '2016-03-26 12:57:36', '2016-03-26 12:57:36'),
(219, 2, 10, 22, 132, 20, NULL, 'indirect', 'residential', 'Estate International', 'Major Bhatta', '03224077775', '', '', '314', 'sale', 4500, 'kanal', 'average', 11000000, 'lakh', 0, NULL, NULL, NULL, NULL, NULL, 'N', 'Y', 'N', '2016-03-26 12:58:00', '2016-03-26 12:58:00'),
(220, 2, 10, 16, 101, 6, NULL, 'indirect', 'residential', 'JR Property', '0300-4672774', '0300-4672774', '0300-4672774', 'DHA Phase 8', '209', 'sale', 2475, 'marla', 'average', 9800000, 'lakh', 0, NULL, NULL, NULL, NULL, NULL, 'N', 'Y', 'N', '2016-03-26 12:58:48', '2016-03-26 12:58:48'),
(221, 1, 10, 16, 100, 6, NULL, 'direct', 'residential', NULL, '0300-4672774', '0300-4672774', '0300-4672774', 'DHA Phase 8', '94', 'rent', 4500, 'marla', 'average', 95000, 'lakh', 0, NULL, NULL, NULL, NULL, NULL, 'N', 'Y', 'N', '2016-03-26 13:01:15', '2016-03-26 13:01:15'),
(222, 1, 10, 16, 101, 6, NULL, 'direct', 'residential', NULL, '0300-4672774', '0300-4672774', '0300-4672774', 'DHA Phase 8', '59', 'sale', 2250, 'marla', 'average', 55000, 'lakh', 0, NULL, NULL, NULL, NULL, NULL, 'N', 'Y', 'N', '2016-03-26 13:03:02', '2016-03-26 13:03:02'),
(223, 2, 10, 22, 134, 20, NULL, 'indirect', 'residential', 'Estate International', 'Major Bhatta', '03224077775', '', '', '120', 'sale', 4500, 'kanal', 'average', 9000000, 'lakh', 0, NULL, NULL, NULL, NULL, NULL, 'N', 'Y', 'N', '2016-03-26 13:05:03', '2016-03-26 13:05:03'),
(224, 2, 10, 22, 134, 20, NULL, 'indirect', 'residential', 'Estate International', 'Major Bhatta', '03224077775', '', '', '163', 'sale', 4500, 'kanal', 'average', 6800000, 'lakh', 0, NULL, NULL, NULL, NULL, NULL, 'N', 'Y', 'N', '2016-03-26 13:09:13', '2016-03-26 13:09:13'),
(225, 2, 10, 16, 100, 15, NULL, 'indirect', 'residential', 'Arshad milat', '', '', '', '', '10', 'sale', 4500, 'marla', 'corner', 17500000, 'lakh', 0, NULL, NULL, NULL, NULL, NULL, 'N', 'Y', 'N', '2016-03-27 11:44:36', '2016-03-27 12:57:50'),
(226, 2, 10, 16, 99, 6, NULL, 'direct', 'residential', NULL, '0300-4672774', '0300-4672774', '0300-4672774', 'DHA Phase 8', '251', 'sale', 2250, 'marla', 'average', 9500000, 'lakh', 0, NULL, NULL, NULL, NULL, NULL, 'N', 'Y', 'N', '2016-03-27 13:26:32', '2016-03-27 13:26:32'),
(227, 2, 10, 16, 99, 6, NULL, 'indirect', 'residential', 'JR Property', '0300-4672774', '0300-4672774', '0300-4672774', 'DHA Phase 8', '279', 'sale', 2250, 'marla', 'average', 9500000, 'lakh', 0, NULL, NULL, NULL, NULL, NULL, 'N', 'Y', 'N', '2016-03-27 13:28:37', '2016-03-27 13:28:37'),
(228, 2, 10, 16, 99, 6, NULL, 'indirect', 'residential', 'JR Property', '0300-4672774', '0300-4672774', '0300-4672774', 'DHA Phase 8', '133', 'sale', 2250, 'marla', 'average', 10500000, 'lakh', 0, NULL, NULL, NULL, NULL, NULL, 'N', 'Y', 'N', '2016-03-27 13:29:32', '2016-03-27 13:29:32'),
(229, 2, 10, 16, 97, 6, NULL, 'indirect', 'residential', 'JR Property', '0300-4672774', '0300-4672774', '0300-4672774', 'DHA Phase 8', '221', 'sale', 2250, 'marla', 'average', 10800000, 'lakh', 0, NULL, NULL, NULL, NULL, NULL, 'N', 'Y', 'N', '2016-03-27 13:30:14', '2016-03-27 13:30:14'),
(230, 2, 10, 16, 98, 6, NULL, 'indirect', 'residential', 'JR Property', '0300-4672774', '0300-4672774', '0300-4672774', 'DHA Phase 8', '193', 'sale', 2250, 'marla', 'average', 11000000, 'lakh', 0, NULL, NULL, NULL, NULL, NULL, 'N', 'Y', 'N', '2016-03-27 13:31:24', '2016-03-27 13:31:24'),
(231, 2, 10, 16, 98, 6, NULL, 'indirect', 'residential', 'JR Property', '0300-4672774', '0300-4672774', '0300-4672774', 'DHA Phase 8', '148', 'sale', 2250, 'marla', 'average', 11000000, 'lakh', 0, NULL, NULL, NULL, NULL, NULL, 'N', 'Y', 'N', '2016-03-27 13:32:07', '2016-03-27 13:32:07'),
(232, 2, 10, 16, 98, 6, NULL, 'indirect', 'residential', 'JR Property', '0300-4672774', '0300-4672774', '0300-4672774', 'DHA Phase 8', '13', 'sale', 2250, 'marla', 'average', 11000000, 'lakh', 0, NULL, NULL, NULL, NULL, NULL, 'N', 'Y', 'N', '2016-03-27 13:33:10', '2016-03-27 13:33:10'),
(233, 2, 10, 16, 97, 6, NULL, 'indirect', 'residential', 'JR Property', '0300-4672774', '0300-4672774', '0300-4672774', 'DHA Phase 8', '243', 'sale', 2250, 'marla', 'average', 9200000, 'lakh', 0, NULL, NULL, NULL, NULL, NULL, 'N', 'Y', 'N', '2016-03-27 13:34:02', '2016-03-27 13:34:02'),
(234, 2, 10, 16, 100, 6, NULL, 'indirect', 'residential', 'JR Property', '0300-4672774', '0300-4672774', '0300-4672774', 'DHA Phase 8', '117', 'sale', 4500, 'marla', 'average', 14500000, 'lakh', 0, NULL, NULL, NULL, NULL, NULL, 'N', 'Y', 'N', '2016-03-27 13:35:08', '2016-03-27 13:35:08'),
(235, 2, 10, 21, 128, 6, NULL, 'direct', 'residential', NULL, '0300-4672774', '0300-4672774', '0300-4672774', 'DHA Phase 8', '195', 'sale', 1575, 'marla', 'average', 4500000, 'lakh', 0, NULL, NULL, NULL, NULL, NULL, 'N', 'Y', 'N', '2016-03-27 14:43:15', '2016-03-27 14:43:15'),
(236, 3, 10, 16, 101, 6, NULL, 'direct', 'residential', NULL, '0300-4672774', '0300-4672774', '0300-4672774', 'DHA Phase 8', '10', 'rent', 1125, 'marla', 'facing-park', 25000, 'lakh', 0, NULL, NULL, NULL, 2, NULL, 'N', 'Y', 'N', '2016-03-27 17:21:03', '2016-03-27 17:21:03'),
(237, 1, 10, 16, 99, 6, NULL, 'indirect', 'residential', 'JR Property', '0300-4672774', '0300-4672774', '0300-4672774', 'DHA Phase 8', '322', 'sale', 2250, 'marla', 'average', 17500000, 'lakh', 0, NULL, NULL, NULL, NULL, NULL, 'N', 'Y', 'N', '2016-03-27 17:22:42', '2016-03-27 17:22:42'),
(238, 1, 10, 16, 101, 6, NULL, 'direct', 'residential', NULL, '0300-4672774', '0300-4672774', '0300-4672774', 'DHA Phase 8', '46', 'rent', 4500, 'marla', 'average', 35000, 'lakh', 0, NULL, NULL, NULL, NULL, NULL, 'N', 'Y', 'N', '2016-03-27 17:24:08', '2016-03-27 17:25:55'),
(239, 1, 10, 16, 102, 6, NULL, 'direct', 'residential', NULL, '0300-4672774', '0300-4672774', '0300-4672774', 'DHA Phase 8', '17', 'rent', 4500, 'marla', 'average', 40000, 'lakh', 0, NULL, NULL, NULL, NULL, NULL, 'N', 'Y', 'N', '2016-03-27 17:26:55', '2016-03-27 17:26:55'),
(240, 2, 10, 14, 86, 19, NULL, 'indirect', 'residential', 'Sultania Estate', 'Mazhar Malik', '03218438864', '', '', '1650', 'sale', 4500, 'kanal', 'average', 1000000, 'lakh', 0, NULL, NULL, NULL, NULL, NULL, 'N', 'Y', 'N', '2016-03-28 10:11:37', '2016-03-28 10:11:37'),
(241, 2, 10, 14, 86, 19, NULL, 'indirect', 'residential', 'Sultania Estate', 'Mazhar Malik', '03218438864', '', '', '2415', 'sale', 4500, 'kanal', 'average', 10200000, 'lakh', 0, NULL, NULL, NULL, NULL, NULL, 'N', 'Y', 'N', '2016-03-28 10:15:34', '2016-03-28 10:15:34'),
(242, 2, 10, 14, 86, 19, NULL, 'indirect', 'residential', 'Sultania Estate', 'Mazhar Malik', '03218438864', '', '', '2776', 'sale', 9000, 'kanal', 'average', 2500000, 'lakh', 0, NULL, NULL, NULL, NULL, NULL, 'N', 'Y', 'N', '2016-03-28 10:17:53', '2016-03-28 10:17:53'),
(243, 2, 10, 15, 125, 19, NULL, 'indirect', 'residential', 'Golden Estate', 'Shahbaz', '03213918000', '', '', '678', 'sale', 1125, 'marla', 'average', 4200000, 'lakh', 0, NULL, NULL, NULL, NULL, NULL, 'N', 'Y', 'N', '2016-03-28 10:22:44', '2016-03-28 10:22:44'),
(244, 2, 10, 15, 124, 19, NULL, 'indirect', 'residential', 'Golden Estate', 'Shahbaz', '03213918000', '', '', '556', 'sale', 1125, 'marla', 'average', 3350000, 'lakh', 0, NULL, NULL, NULL, NULL, NULL, 'N', 'Y', 'N', '2016-03-28 10:25:22', '2016-03-28 10:25:22'),
(246, 2, 10, 13, 64, 19, NULL, 'indirect', 'residential', 'Nazir Estate', 'Danish', '03224441039', '', '', '27', 'sale', 4500, 'kanal', 'average', 22500000, 'lakh', 0, NULL, NULL, NULL, NULL, NULL, 'N', 'Y', 'N', '2016-03-28 10:32:55', '2016-03-28 10:32:55'),
(247, 2, 10, 13, 72, 19, NULL, 'indirect', 'residential', 'Nazir Estate', 'Danish', '03224441039', '', '', '738', 'sale', 4500, 'kanal', 'average', 13500000, 'lakh', 0, NULL, NULL, NULL, NULL, NULL, 'N', 'Y', 'N', '2016-03-28 10:40:23', '2016-03-28 10:40:23'),
(248, 2, 10, 13, 61, 19, NULL, 'indirect', 'residential', 'Nazir Estate', 'Danish', '03224441039', '', '', '328', 'sale', 4500, 'kanal', 'average', 21500000, 'lakh', 0, NULL, NULL, NULL, NULL, NULL, 'N', 'Y', 'N', '2016-03-28 10:48:19', '2016-03-28 10:48:19'),
(249, 2, 10, 13, 67, 19, NULL, 'indirect', 'residential', 'Nazir Estate', 'Danish', '03224441039', '', '', '104', 'sale', 4500, 'kanal', 'average', 23500000, 'lakh', 0, NULL, NULL, NULL, NULL, NULL, 'N', 'Y', 'N', '2016-03-28 10:50:29', '2016-03-28 10:50:29'),
(250, 2, 10, 13, 67, 19, NULL, 'indirect', 'residential', 'Nazir Estate', 'Danish', '03224441039', '', '', '131', 'sale', 4500, 'kanal', 'average', 2400000, 'lakh', 0, NULL, NULL, NULL, NULL, NULL, 'N', 'Y', 'N', '2016-03-28 10:52:22', '2016-03-28 10:52:22'),
(251, 2, 10, 14, 86, 19, NULL, 'indirect', 'residential', 'Estate Affairs', 'Miss Rubi', '03218824663', '', '', '1010', 'sale', 4725, 'marla', 'average', 10500000, 'lakh', 0, NULL, NULL, NULL, NULL, NULL, 'N', 'Y', 'N', '2016-03-28 11:02:34', '2016-03-28 11:02:34'),
(252, 2, 10, 14, 78, 19, NULL, 'indirect', 'residential', 'Estate Affairs', 'Miss Rubi', '03218824663', '', '', '357', 'sale', 4500, 'kanal', 'average', 9500000, 'lakh', 0, NULL, NULL, NULL, NULL, NULL, 'N', 'Y', 'N', '2016-03-28 11:06:00', '2016-03-28 11:06:00'),
(253, 2, 10, 14, 83, 19, NULL, 'indirect', 'residential', 'Estate Affairs', 'Miss Rubi', '03218824663', '', '', '145', 'sale', 4500, 'kanal', 'average', 12500000, 'lakh', 0, NULL, NULL, NULL, NULL, NULL, 'N', 'Y', 'N', '2016-03-28 11:09:43', '2016-03-28 11:09:43'),
(254, 2, 10, 18, 115, 19, NULL, 'indirect', 'residential', 'estate masters', 'iqbal', '03214427373', '', '', '1074', 'sale', 1125, 'marla', 'average', 5800000, 'lakh', 0, NULL, NULL, NULL, NULL, NULL, 'N', 'Y', 'N', '2016-03-28 11:32:39', '2016-03-28 11:32:39'),
(255, 2, 10, 18, 115, 19, NULL, 'indirect', 'residential', 'estate masters', 'iqbal', '03214427373', '', '', '1187', 'sale', 1125, 'marla', 'average', 6200000, 'lakh', 0, NULL, NULL, NULL, NULL, NULL, 'N', 'Y', 'N', '2016-03-28 11:36:23', '2016-03-28 11:36:23'),
(256, 2, 10, 18, 116, 19, NULL, 'indirect', 'residential', 'estate masters', 'iqbal', '03214427373', '', '', '1471', 'sale', 1125, 'marla', 'average', 5200000, 'lakh', 0, NULL, NULL, NULL, NULL, NULL, 'N', 'Y', 'N', '2016-03-28 11:39:33', '2016-03-28 11:39:33'),
(257, 2, 10, 18, 114, 19, NULL, 'indirect', 'residential', 'estate masters', 'iqbal', '03214427373', '', '', '701', 'sale', 1125, 'marla', 'average', 5200000, 'lakh', 0, NULL, NULL, NULL, NULL, NULL, 'N', 'Y', 'N', '2016-03-28 11:41:06', '2016-03-28 11:41:06'),
(258, 2, 10, 22, 135, 19, NULL, 'indirect', 'residential', 'Syed Brother', 'Immad Pirzada', '03009666619', '', '', '1768', 'sale', 2250, 'marla', 'average', 6500000, 'lakh', 0, NULL, NULL, NULL, NULL, NULL, 'N', 'Y', 'N', '2016-03-28 11:54:18', '2016-03-28 11:54:18'),
(259, 2, 10, 22, 138, 19, NULL, 'indirect', 'residential', 'Syed Brother', 'Immad Pirzada', '03009666619', '', '', '1251', 'sale', 1125, 'marla', 'average', 2500000, 'lakh', 0, NULL, NULL, NULL, NULL, NULL, 'N', 'Y', 'N', '2016-03-28 11:55:37', '2016-03-28 11:55:37'),
(260, 2, 10, 22, 138, 19, NULL, 'indirect', 'residential', 'Syed Brother', 'Immad Pirzada', '03009666619', '', '', '1256', 'sale', 1125, 'marla', 'average', 2500000, 'lakh', 0, NULL, NULL, NULL, NULL, NULL, 'N', 'Y', 'N', '2016-03-28 11:56:44', '2016-03-28 11:56:44'),
(261, 2, 10, 22, 137, 19, NULL, 'indirect', 'residential', 'Syed Brother', 'Immad Pirzada', '03009666619', '', '', '412', 'sale', 4500, 'kanal', 'average', 8500000, 'lakh', 0, NULL, NULL, NULL, NULL, NULL, 'N', 'Y', 'N', '2016-03-28 11:57:56', '2016-03-28 11:57:56'),
(262, 2, 10, 22, 142, 19, NULL, 'indirect', 'residential', 'Syed Brother', 'Immad Pirzada', '03009666619', '', '', '360', 'sale', 4500, 'kanal', 'average', 9000000, 'lakh', 0, NULL, NULL, NULL, NULL, NULL, 'N', 'Y', 'N', '2016-03-28 11:59:15', '2016-03-28 12:03:59'),
(263, 2, 10, 22, 137, 19, NULL, 'indirect', 'residential', 'Syed Brother', 'Immad Pirzada', '03009666619', '', '', '279', 'sale', 4500, 'kanal', 'average', 10000000, 'lakh', 0, NULL, NULL, NULL, NULL, NULL, 'N', 'Y', 'N', '2016-03-28 12:02:07', '2016-03-28 12:03:39'),
(264, 2, 10, 15, 93, 19, NULL, 'indirect', 'residential', 'New Defence Estate', 'Raja Mazhar', '03218405201', '', '', '181', 'sale', 4500, 'kanal', 'average', 14500000, 'lakh', 0, NULL, NULL, NULL, NULL, NULL, 'N', 'Y', 'N', '2016-03-28 12:11:56', '2016-03-28 12:11:56'),
(265, 2, 10, 15, 95, 19, NULL, 'indirect', 'residential', 'New Defence Estate', 'Raja Mazhar', '03218405201', '', '', '860', 'sale', 4500, 'kanal', 'average', 15000000, 'lakh', 0, NULL, NULL, NULL, NULL, NULL, 'N', 'Y', 'N', '2016-03-28 12:13:53', '2016-03-28 12:13:53'),
(266, 2, 10, 15, 91, 19, NULL, 'indirect', 'residential', 'New Defence Estate', 'Raja Mazhar', '03218405201', '', '', '119', 'sale', 4500, 'kanal', 'average', 15000000, 'lakh', 0, NULL, NULL, NULL, NULL, NULL, 'N', 'Y', 'N', '2016-03-28 12:20:43', '2016-03-28 12:20:43'),
(267, 2, 10, 15, 96, 19, NULL, 'indirect', 'residential', 'New Defence Estate', 'Raja Mazhar', '03218405201', '', '', '809', 'sale', 4500, 'kanal', 'average', 13500000, 'lakh', 0, NULL, NULL, NULL, NULL, NULL, 'N', 'Y', 'N', '2016-03-28 12:23:15', '2016-03-28 12:23:15'),
(268, 2, 10, 15, 90, 19, NULL, 'indirect', 'residential', 'New Defence Estate', 'Raja Mazhar', '03218405201', '', '', '928', 'sale', 4500, 'kanal', 'average', 13500000, 'lakh', 0, NULL, NULL, NULL, NULL, NULL, 'N', 'Y', 'N', '2016-03-28 12:25:18', '2016-03-28 12:25:18'),
(269, 2, 10, 15, 90, 19, NULL, 'indirect', 'residential', 'New Defence Estate', 'Raja Mazhar', '03218405201', '', '', '964', 'sale', 4500, 'kanal', 'average', 14000000, 'lakh', 0, NULL, NULL, NULL, NULL, NULL, 'N', 'Y', 'N', '2016-03-28 12:27:14', '2016-03-28 12:27:14'),
(270, 2, 10, 15, 95, 19, NULL, 'indirect', 'residential', 'New Defence Estate', 'Raja Mazhar', '03218405201', '', '', '960', 'sale', 4500, 'kanal', 'average', 15000000, 'lakh', 0, NULL, NULL, NULL, NULL, NULL, 'N', 'Y', 'N', '2016-03-28 12:28:36', '2016-03-28 12:28:36'),
(271, 2, 10, 13, 69, 19, NULL, 'indirect', 'residential', 'Property World', 'Toqeer', '03215675920', '', '', '1302', 'sale', 4500, 'kanal', 'average', 16800000, 'lakh', 0, NULL, NULL, NULL, NULL, NULL, 'N', 'Y', 'N', '2016-03-28 12:32:48', '2016-03-28 12:32:48'),
(272, 2, 10, 13, 70, 19, NULL, 'indirect', 'residential', 'Property World', 'Toqeer', '03215675920', '', '', '163', 'sale', 4500, 'kanal', 'average', 17000000, 'lakh', 0, NULL, NULL, NULL, NULL, NULL, 'N', 'Y', 'N', '2016-03-28 12:35:02', '2016-03-28 12:35:02'),
(273, 2, 10, 13, 61, 19, NULL, 'indirect', 'residential', 'Property World', 'Toqeer', '03215675920', '', '', '1139', 'sale', 9000, 'kanal', 'average', 35500000, 'lakh', 0, NULL, NULL, NULL, NULL, NULL, 'N', 'Y', 'N', '2016-03-28 12:36:38', '2016-03-28 12:36:38'),
(274, 2, 10, 15, 92, 19, NULL, 'indirect', 'residential', 'Fast Deal', 'Abu Bakar', '0322947236', '', '', '719', 'sale', 4500, 'kanal', 'average', 18000000, 'lakh', 0, NULL, NULL, NULL, NULL, NULL, 'N', 'Y', 'N', '2016-03-28 12:42:36', '2016-03-28 12:42:36'),
(275, 2, 10, 15, 93, 19, NULL, 'indirect', 'residential', 'Fast Deal', 'Abu Bakar', '0322947236', '', '', '642', 'sale', 4500, 'kanal', 'average', 18500000, 'lakh', 0, NULL, NULL, NULL, NULL, NULL, 'N', 'Y', 'N', '2016-03-28 12:44:47', '2016-03-28 12:44:47'),
(276, 2, 10, 15, 93, 19, NULL, 'indirect', 'residential', 'Fast Deal', 'Abu Bakar', '0322947236', '', '', '185', 'sale', 4500, 'kanal', 'average', 14500000, 'lakh', 0, NULL, NULL, NULL, NULL, NULL, 'N', 'Y', 'N', '2016-03-28 12:46:18', '2016-03-28 12:46:18'),
(277, 2, 10, 15, 95, 19, NULL, 'indirect', 'residential', 'Fast Deal', 'Abu Bakar', '0322947236', '', '', '460', 'sale', 4500, 'kanal', 'average', 19000000, 'lakh', 0, NULL, NULL, NULL, NULL, NULL, 'N', 'Y', 'N', '2016-03-28 12:49:48', '2016-03-28 12:49:48'),
(278, 2, 10, 14, 86, 19, NULL, 'indirect', 'residential', 'Lead Estate', 'Malik Umair', '03214747497', '', '', '2884', 'sale', 4500, 'kanal', 'average', 10500000, 'lakh', 0, NULL, NULL, NULL, NULL, NULL, 'N', 'Y', 'N', '2016-03-28 12:58:20', '2016-03-28 12:58:20'),
(279, 2, 10, 14, 83, 19, NULL, 'indirect', 'residential', 'Lead Estate', 'Malik Umair', '03214747497', '', '', '950', 'sale', 4500, 'kanal', 'average', 9600000, 'lakh', 0, NULL, NULL, NULL, NULL, NULL, 'N', 'Y', 'N', '2016-03-28 13:00:32', '2016-03-28 13:00:32'),
(280, 2, 10, 14, 83, 19, NULL, 'indirect', 'residential', 'Lead Estate', 'Malik Umair', '03214747497', '', '', '1095', 'sale', 4500, 'kanal', 'average', 12500000, 'lakh', 0, NULL, NULL, NULL, NULL, NULL, 'N', 'Y', 'N', '2016-03-28 13:03:13', '2016-03-28 13:03:13'),
(281, 2, 10, 22, 138, 19, NULL, 'indirect', 'residential', 'Lead Estate', 'Naveed Jamil', '03219741718', '', '', '1251', 'sale', 1125, 'marla', 'average', 2600000, 'lakh', 0, NULL, NULL, NULL, NULL, NULL, 'N', 'Y', 'N', '2016-03-28 13:14:58', '2016-03-28 13:14:58'),
(282, 2, 10, 22, 138, 19, NULL, 'indirect', 'residential', 'Lead Estate', 'Naveed Jamil', '03219741718', '', '', '1256', 'sale', 1125, 'marla', 'average', 2600000, 'lakh', 0, NULL, NULL, NULL, NULL, NULL, 'N', 'Y', 'N', '2016-03-28 16:41:02', '2016-03-28 16:41:02'),
(283, 2, 10, 22, 137, 19, NULL, 'indirect', 'residential', 'Lead Estate', 'Naveed Jamil', '03219741718', '', '', '1619', 'sale', 4500, 'kanal', 'average', 7000000, 'lakh', 0, NULL, NULL, NULL, NULL, NULL, 'N', 'Y', 'N', '2016-03-28 16:43:58', '2016-03-28 16:43:58'),
(284, 2, 10, 22, 134, 19, NULL, 'indirect', 'residential', 'Lead Estate', 'Naveed Jamil', '03219741718', '', '', '810', 'sale', 4500, 'kanal', 'average', 8400000, 'lakh', 0, NULL, NULL, NULL, NULL, NULL, 'N', 'Y', 'N', '2016-03-28 16:48:49', '2016-03-28 16:48:49'),
(285, 2, 10, 22, 134, 19, NULL, 'indirect', 'residential', 'Lead Estate', 'Naveed Jamil', '03219741718', '', '', '98', 'sale', 4500, 'kanal', 'average', 6500000, 'lakh', 0, NULL, NULL, NULL, NULL, NULL, 'N', 'Y', 'N', '2016-03-28 16:51:15', '2016-03-28 16:51:15'),
(286, 2, 10, 22, 134, 19, NULL, 'indirect', 'residential', 'Lead Estate', 'Naveed Jamil', '03219741718', '', '', '1062', 'sale', 4500, 'kanal', 'average', 5200000, 'lakh', 0, NULL, NULL, NULL, NULL, NULL, 'N', 'Y', 'N', '2016-03-28 16:53:03', '2016-03-28 16:53:03'),
(287, 2, 10, 22, 135, 19, NULL, 'indirect', 'residential', 'Lead Estate', 'Naveed Jamil', '03219741718', '', '', '135', 'sale', 4500, 'kanal', 'average', 9500000, 'lakh', 0, NULL, NULL, NULL, NULL, NULL, 'N', 'Y', 'N', '2016-03-28 16:55:42', '2016-03-28 16:55:42'),
(288, 2, 10, 22, 135, 19, NULL, 'indirect', 'residential', 'Lead Estate', 'Naveed Jamil', '03219741718', '', '', '1058', 'sale', 4500, 'kanal', 'average', 8600000, 'lakh', 0, NULL, NULL, NULL, NULL, NULL, 'N', 'Y', 'N', '2016-03-28 16:57:34', '2016-03-28 16:57:34'),
(289, 2, 10, 22, 140, 19, NULL, 'indirect', 'residential', 'Lead Estate', 'Naveed Jamil', '03219741718', '', '', '1262', 'sale', 1125, 'marla', 'average', 2600000, 'lakh', 0, NULL, NULL, NULL, NULL, NULL, 'N', 'Y', 'N', '2016-03-28 17:03:00', '2016-03-28 17:03:00'),
(290, 2, 10, 16, 101, 15, NULL, 'indirect', 'residential', 'Umer Taimor altwakal Est Ownr eden sala', '', '', '', '', '54', 'sale', 2250, 'marla', 'average', 9500000, 'lakh', 0, NULL, NULL, NULL, NULL, NULL, 'N', 'Y', 'N', '2016-03-29 14:22:29', '2016-03-29 14:22:29'),
(291, 2, 10, 22, 138, 20, NULL, 'indirect', 'residential', 'Estate services', 'Tahir mehmood', '03238466007', '', '', '2340', 'sale', 1125, 'marla', 'average', 3000000, 'lakh', 0, NULL, NULL, NULL, NULL, NULL, 'N', 'Y', 'N', '2016-03-29 17:02:03', '2016-03-29 17:02:03'),
(292, 2, 10, 22, 150, 20, NULL, 'direct', 'residential', NULL, 'Tahir mehmood', '03238466007', '', '', '400', 'sale', 1125, 'marla', 'average', 3200000, 'lakh', 0, NULL, NULL, NULL, NULL, NULL, 'N', 'Y', 'N', '2016-03-29 17:05:09', '2016-03-29 17:05:41'),
(294, 2, 10, 18, 113, 20, NULL, 'indirect', 'residential', 'Investors inn', 'Ishtiaq', '03214461336', '', '', '892', 'sale', 1125, 'marla', 'average', 5300000, 'lakh', 0, NULL, NULL, NULL, NULL, NULL, 'N', 'Y', 'N', '2016-03-29 17:13:18', '2016-03-29 17:38:56'),
(295, 2, 10, 18, 113, 20, NULL, 'indirect', 'residential', 'Investors inn', 'Ishtiaq', '03214461336', '', '', '1004', 'sale', 1125, 'marla', 'average', 5200000, 'lakh', 0, NULL, NULL, NULL, NULL, NULL, 'Y', 'Y', 'N', '2016-03-29 17:18:09', '2016-03-29 17:39:36'),
(296, 2, 10, 18, 114, 20, NULL, 'indirect', 'residential', 'Investors inn', '', '03214461336', '', '', '510', 'sale', 1125, 'marla', 'average', 5800000, 'lakh', 0, NULL, NULL, NULL, NULL, NULL, 'N', 'Y', 'N', '2016-03-29 17:21:54', '2016-03-29 17:21:54'),
(297, 2, 10, 18, 116, 20, NULL, 'indirect', 'residential', 'Investors inn', 'Ishtiaq', '03214461336', '', '', '55', 'sale', 1125, 'marla', 'average', 5400000, 'lakh', 0, NULL, NULL, NULL, NULL, NULL, 'N', 'Y', 'N', '2016-03-29 17:37:14', '2016-03-29 17:37:14'),
(298, 2, 10, 14, 85, 20, NULL, 'indirect', 'residential', 'Investors inn', 'Imran', '03009468382', '', '', '257', 'sale', 4500, 'kanal', 'average', 11000000, 'lakh', 0, NULL, NULL, NULL, NULL, NULL, 'N', 'Y', 'N', '2016-03-29 17:44:05', '2016-03-29 17:45:30'),
(299, 2, 10, 14, 86, 20, NULL, 'indirect', 'residential', 'Investors inn', 'Imran', '03009468382', '', '', '1650', 'sale', 4500, 'kanal', 'average', 10200000, 'lakh', 0, NULL, NULL, NULL, NULL, NULL, 'N', 'Y', 'N', '2016-03-29 17:47:29', '2016-03-29 17:48:41'),
(300, 2, 10, 14, 81, 20, NULL, 'indirect', 'residential', 'Investors inn', 'Imran', '03009468382', '', '', '165', 'sale', 4500, 'kanal', 'average', 12500000, 'lakh', 0, NULL, NULL, NULL, NULL, NULL, 'N', 'Y', 'N', '2016-03-29 17:50:44', '2016-03-29 17:50:44'),
(301, 2, 10, 14, 80, 20, NULL, 'indirect', 'residential', 'Investors inn', 'Imran', '03009468382', '', '', '126', 'sale', 4500, 'kanal', 'average', 11500000, 'lakh', 0, NULL, NULL, NULL, NULL, NULL, 'N', 'Y', 'N', '2016-03-29 17:53:16', '2016-03-29 17:53:16'),
(302, 2, 10, 22, 144, 20, NULL, 'indirect', 'residential', 'Property world', 'Ali raza', '03234760040', '', '', '487', 'sale', 4500, 'kanal', 'average', 8800000, 'lakh', 0, NULL, NULL, NULL, NULL, NULL, 'N', 'Y', 'N', '2016-03-29 17:57:22', '2016-03-29 17:57:22'),
(303, 2, 10, 22, 137, 20, NULL, 'indirect', 'residential', 'Property world', 'Ali raza', '03234760040', '', '', '1227', 'sale', 4500, 'kanal', 'average', 7600000, 'lakh', 0, NULL, NULL, NULL, NULL, NULL, 'N', 'Y', 'N', '2016-03-29 18:00:02', '2016-03-29 18:00:02'),
(304, 2, 10, 22, 139, 20, NULL, 'indirect', 'residential', 'Property world', 'Ali raza', '03234760040', '', '', '1649', 'sale', 4500, 'kanal', 'average', 8500000, 'lakh', 0, NULL, NULL, NULL, NULL, NULL, 'N', 'Y', 'N', '2016-03-29 18:01:51', '2016-03-29 18:01:51'),
(305, 2, 10, 22, 133, 20, NULL, 'indirect', 'residential', 'Property world', 'Ali raza', '03234760040', '', '', '996', 'sale', 4500, 'kanal', 'average', 8500000, 'lakh', 0, NULL, NULL, NULL, NULL, NULL, 'N', 'Y', 'N', '2016-03-29 18:03:34', '2016-03-29 18:03:34'),
(306, 2, 10, 22, 132, 20, NULL, 'indirect', 'residential', 'Property world', 'Ali raza', '03234760040', '', '', '649', 'sale', 4500, 'kanal', 'average', 9200000, 'lakh', 0, NULL, NULL, NULL, NULL, NULL, 'N', 'Y', 'N', '2016-03-29 18:05:16', '2016-03-29 18:06:25'),
(307, 2, 10, 14, 149, 20, NULL, 'indirect', 'residential', 'al sadiq estate', 'M sameeullah baig', '03004899692', '', '', '1359', 'sale', 4500, 'kanal', 'average', 7800000, 'lakh', 0, NULL, NULL, NULL, NULL, NULL, 'N', 'Y', 'N', '2016-03-30 12:42:03', '2016-03-30 12:42:03'),
(308, 2, 10, 14, 86, 20, NULL, 'indirect', 'residential', 'al sadiq estate', 'M sameeullah baig', '03004899692', '', '', '4410', 'sale', 9000, 'kanal', 'average', 22500000, 'lakh', 0, NULL, NULL, NULL, NULL, NULL, 'N', 'Y', 'N', '2016-03-30 12:46:51', '2016-03-30 12:46:51'),
(309, 2, 10, 14, 86, 20, NULL, 'indirect', 'residential', 'al sadiq estate', 'M sameeullah baig', '03004899692', '', '', '1278.1279 pair', 'sale', 9000, 'kanal', 'average', 23500000, 'lakh', 0, NULL, NULL, NULL, NULL, NULL, 'N', 'Y', 'N', '2016-03-30 12:52:54', '2016-03-30 12:52:54'),
(310, 2, 10, 14, 86, 20, NULL, 'indirect', 'residential', 'al sadiq estate', 'M sameeullah baig', '03004899692', '', '', '3534/38', 'sale', 2250, 'marla', 'average', 6300000, 'lakh', 0, NULL, NULL, NULL, NULL, NULL, 'N', 'Y', 'N', '2016-03-30 12:58:06', '2016-03-30 12:58:06'),
(311, 2, 10, 14, 82, 20, NULL, 'indirect', 'residential', 'al sadiq estate', 'M sameeullah baig', '03004899692', '', '', '421', 'sale', 4500, 'kanal', 'average', 12200000, 'lakh', 0, NULL, NULL, NULL, NULL, NULL, 'N', 'Y', 'N', '2016-03-30 13:00:23', '2016-03-30 13:00:23'),
(312, 2, 10, 16, 98, 6, NULL, 'indirect', 'residential', 'JR Property', '0300-4672774', '0300-4672774', '0300-4672774', 'DHA Phase 8', '125', 'sale', 4500, 'marla', 'main-boulevard', 18000000, 'lakh', 0, NULL, NULL, NULL, NULL, NULL, 'N', 'Y', 'N', '2016-03-30 13:32:28', '2016-03-30 13:32:28'),
(313, 2, 10, 14, 86, 20, NULL, 'indirect', 'residential', 'al sadiq estate', 'M sameeullah baig', '03004899692', '', '', '442', 'sale', 4725, 'marla', 'average', 13000000, 'lakh', 0, NULL, NULL, NULL, NULL, NULL, 'N', 'Y', 'N', '2016-03-30 13:38:02', '2016-03-30 13:38:26'),
(314, 2, 10, 14, 83, 20, NULL, 'indirect', 'residential', 'al sadiq estate', 'M sameeullah baig', '03004899692', '', '', '153', 'sale', 4500, 'kanal', 'average', 10500000, 'lakh', 0, NULL, NULL, NULL, NULL, NULL, 'N', 'Y', 'N', '2016-03-30 13:41:44', '2016-03-30 13:41:44'),
(315, 2, 10, 14, 81, 20, NULL, 'indirect', 'residential', 'al sadiq estate', 'M sameeullah baig', '03004899692', '', '', '1193', 'sale', 4500, 'kanal', 'average', 10000000, 'lakh', 0, NULL, NULL, NULL, NULL, NULL, 'N', 'Y', 'N', '2016-03-30 13:43:49', '2016-03-30 13:43:49'),
(316, 2, 10, 14, 81, 20, NULL, 'indirect', 'residential', 'al sadiq estate', 'M sameeullah baig', '03004899692', '', '', '1516', 'sale', 2250, 'marla', 'average', 7500000, 'lakh', 0, NULL, NULL, NULL, NULL, NULL, 'N', 'Y', 'N', '2016-03-30 13:45:56', '2016-03-30 13:45:56'),
(317, 2, 10, 14, 82, 20, NULL, 'indirect', 'residential', 'al sadiq estate', 'M sameeullah baig', '03004899692', '', '', '1926', 'sale', 225, 'marla', 'average', 9200000, 'lakh', 0, NULL, NULL, NULL, NULL, NULL, 'N', 'Y', 'N', '2016-03-30 13:48:14', '2016-03-30 13:48:14'),
(318, 2, 10, 14, 80, 20, NULL, 'indirect', 'residential', 'al sadiq estate', 'M sameeullah baig', '03004899692', '', '', '413', 'sale', 4500, 'kanal', 'average', 14000000, 'lakh', 0, NULL, NULL, NULL, NULL, NULL, 'N', 'Y', 'N', '2016-03-30 13:50:09', '2016-03-30 13:50:09'),
(319, 2, 10, 14, 80, 20, NULL, 'indirect', 'residential', 'al sadiq estate', 'M sameeullah baig', '03004899692', '', '', '526', 'sale', 4500, 'kanal', 'average', 13500000, 'lakh', 0, NULL, NULL, NULL, NULL, NULL, 'N', 'Y', 'N', '2016-03-30 13:52:12', '2016-03-30 13:52:12'),
(320, 2, 10, 14, 84, 20, NULL, 'indirect', 'residential', 'al sadiq estate', 'M sameeullah baig', '03004899692', '', '', '1199', 'sale', 4500, 'kanal', 'average', 14200000, 'lakh', 0, NULL, NULL, NULL, NULL, NULL, 'N', 'Y', 'N', '2016-03-30 14:17:36', '2016-03-30 14:17:36'),
(321, 2, 10, 14, 86, 20, NULL, 'indirect', 'residential', 'al sadiq estate', 'M sameeullah baig', '03004899692', '', '', '2426', 'sale', 4500, 'kanal', 'average', 9600000, 'lakh', 0, NULL, NULL, NULL, NULL, NULL, 'N', 'Y', 'N', '2016-03-30 14:22:55', '2016-03-30 14:23:20'),
(322, 2, 10, 22, 135, 19, NULL, 'indirect', 'residential', 'lead estate', ' naveed jamil ', '', '', '', '1058', 'sale', 4500, 'kanal', 'average', 8600000, 'lakh', 0, NULL, NULL, NULL, NULL, NULL, 'Y', 'Y', 'N', '2016-03-30 17:16:20', '2016-03-30 17:16:20'),
(323, 2, 10, 15, 95, 20, NULL, 'indirect', 'residential', 'capital estate', 'shayar', '03213429598', '', '', '626', 'sale', 4500, 'kanal', 'average', 14000000, 'lakh', 0, NULL, NULL, NULL, NULL, NULL, 'N', 'Y', 'N', '2016-03-30 21:26:56', '2016-03-30 21:26:56'),
(324, 2, 10, 17, 103, 20, NULL, 'indirect', 'residential', 'capital estate', 'shayar', '03213429598', '', '', '324', 'sale', 4500, 'kanal', 'corner', 16500000, 'lakh', 0, NULL, NULL, NULL, NULL, NULL, 'N', 'Y', 'N', '2016-03-30 21:29:03', '2016-03-30 21:29:03'),
(325, 2, 10, 22, 132, 20, NULL, 'indirect', 'residential', 'international world', 'balal', '03224077775', '', '', '314', 'sale', 4500, 'kanal', 'average', 11000000, 'lakh', 0, NULL, NULL, NULL, NULL, NULL, 'N', 'Y', 'N', '2016-03-30 21:34:49', '2016-03-30 21:34:49'),
(326, 2, 10, 22, 131, 20, NULL, 'indirect', 'residential', 'international world', 'balal', '03224077775', '', '', '897', 'sale', 4500, 'kanal', 'average', 8600000, 'lakh', 0, NULL, NULL, NULL, NULL, NULL, 'N', 'Y', 'N', '2016-03-30 21:36:53', '2016-03-30 21:36:53'),
(327, 2, 10, 22, 134, 20, NULL, 'indirect', 'residential', 'international world', 'balal', '03224077775', '', '', '140', 'sale', 4500, 'kanal', 'average', 9000000, 'lakh', 0, NULL, NULL, NULL, NULL, NULL, 'N', 'Y', 'N', '2016-03-30 21:38:45', '2016-03-30 21:38:45'),
(328, 2, 10, 22, 134, 20, NULL, 'indirect', 'residential', 'international world', 'balal', '03224077775', '', '', '163', 'sale', 4500, 'kanal', 'average', 6800000, 'lakh', 0, NULL, NULL, NULL, NULL, NULL, 'N', 'Y', 'N', '2016-03-30 21:40:05', '2016-03-30 21:40:05'),
(329, 2, 10, 18, 113, 20, NULL, 'indirect', 'residential', 'ch Estate', 'ch Abdul', '03014080167', '', '', '1744', 'sale', 1125, 'marla', 'average', 5300000, 'lakh', 0, NULL, NULL, NULL, NULL, NULL, 'N', 'Y', 'N', '2016-03-30 21:43:32', '2016-03-30 21:43:32'),
(330, 2, 10, 18, 115, 20, NULL, 'indirect', 'residential', 'ch Estate', 'ch Abdul', '03014080167', '', '', '1237', 'sale', 1125, 'marla', 'average', 6300000, 'lakh', 0, NULL, NULL, NULL, NULL, NULL, 'N', 'Y', 'N', '2016-03-30 21:47:45', '2016-03-30 21:48:25'),
(331, 2, 10, 18, 115, 20, NULL, 'indirect', 'residential', 'ch Estate', 'ch Abdul', '03014080167', '', '', '1117', 'sale', 1125, 'marla', 'average', 6200000, 'lakh', 0, NULL, NULL, NULL, NULL, NULL, 'N', 'Y', 'N', '2016-03-30 21:49:58', '2016-03-30 21:49:58'),
(332, 2, 10, 18, 113, 20, NULL, 'indirect', 'residential', 'ch Estate', 'ch Abdul', '03014080167', '', '', '1078', 'sale', 1125, 'marla', 'average', 5800000, 'lakh', 0, NULL, NULL, NULL, NULL, NULL, 'N', 'Y', 'N', '2016-03-30 21:51:23', '2016-03-30 21:51:23'),
(333, 2, 10, 15, 124, 20, NULL, 'indirect', 'residential', 'Investors inn', 'Eastham', '03224779492', '', '', '648', 'sale', 2250, 'marla', 'average', 5200000, 'lakh', 0, NULL, NULL, NULL, NULL, NULL, 'N', 'Y', 'N', '2016-03-30 21:54:32', '2016-03-30 21:54:32'),
(334, 2, 10, 22, 150, 20, NULL, 'indirect', 'residential', 'Investors inn', 'Eastham', '03224779492', '', '', '1150', 'sale', 1125, 'marla', 'average', 3000000, 'lakh', 0, NULL, NULL, NULL, NULL, NULL, 'N', 'Y', 'N', '2016-03-30 21:56:18', '2016-03-30 21:56:18'),
(335, 2, 10, 22, 132, 20, NULL, 'indirect', 'residential', 'Property world', 'Ali raza', '03234760040', '', '', '645', 'sale', 225, 'marla', 'average', 9200000, 'lakh', 0, NULL, NULL, NULL, NULL, NULL, 'N', 'Y', 'N', '2016-03-30 22:06:22', '2016-03-30 22:06:22'),
(336, 2, 10, 22, 132, 20, NULL, 'indirect', 'residential', 'Property world', 'Ali raza', '03234760040', '', '', '645', 'sale', 225, 'marla', 'average', 9200000, 'lakh', 0, NULL, NULL, NULL, NULL, NULL, 'N', 'Y', 'N', '2016-03-30 22:07:30', '2016-03-30 22:07:30'),
(337, 2, 10, 13, 72, 20, NULL, 'indirect', 'residential', 'aims estate', 'asim', '03224722331', '', '', '39+40 pair', 'sale', 9000, 'kanal', 'average', 39000000, 'lakh', 0, NULL, NULL, NULL, NULL, NULL, 'N', 'Y', 'N', '2016-03-30 22:10:24', '2016-03-30 22:10:24'),
(338, 2, 10, 14, 81, 20, NULL, 'indirect', 'residential', 'aims estate', 'asim', '03224722331', '', '', '151', 'sale', 4500, 'kanal', 'average', 12000000, 'lakh', 0, NULL, NULL, NULL, NULL, NULL, 'N', 'Y', 'N', '2016-03-30 22:13:30', '2016-03-30 22:13:30'),
(339, 2, 10, 14, 82, 20, NULL, 'indirect', 'residential', 'aims estate', 'asim', '03224722331', '', '', '1379', 'sale', 4500, 'kanal', 'average', 11000000, 'lakh', 0, NULL, NULL, NULL, NULL, NULL, 'N', 'Y', 'N', '2016-03-30 22:15:31', '2016-03-30 22:15:31'),
(340, 2, 10, 14, 85, 20, NULL, 'indirect', 'residential', 'aims estate', 'asim', '03224722331', '', '', '472', 'sale', 4500, 'kanal', 'average', 10600000, 'lakh', 0, NULL, NULL, NULL, NULL, NULL, 'N', 'Y', 'N', '2016-03-30 22:17:44', '2016-03-30 22:17:44'),
(341, 2, 10, 14, 86, 20, NULL, 'indirect', 'residential', 'aims estate', 'asim', '03224722331', '', '', '2290', 'sale', 4500, 'kanal', 'average', 12000000, 'lakh', 0, NULL, NULL, NULL, NULL, NULL, 'N', 'Y', 'N', '2016-03-30 22:31:42', '2016-03-30 22:31:42'),
(342, 2, 10, 22, 150, 20, NULL, 'indirect', 'residential', 'Doula Estate', 'Malik irfan', '03229919900', '', '', '971', 'sale', 1125, 'marla', 'average', 3600000, 'lakh', 0, NULL, NULL, NULL, NULL, NULL, 'N', 'Y', 'N', '2016-03-30 22:36:44', '2016-03-30 22:36:44'),
(343, 2, 10, 22, 138, 20, NULL, 'indirect', 'residential', 'Doula Estate', 'Malik irfan', '03229919900', '', '', '76', 'sale', 1125, 'marla', 'average', 3100000, 'lakh', 0, NULL, NULL, NULL, NULL, NULL, 'N', 'Y', 'N', '2016-03-30 22:38:57', '2016-03-30 22:38:57'),
(344, 2, 10, 22, 150, 20, NULL, 'indirect', 'residential', 'Doula Estate', 'Malik irfan', '03229919900', '', '', '2340', 'sale', 1125, 'marla', 'average', 3150000, 'lakh', 0, NULL, NULL, NULL, NULL, NULL, 'N', 'Y', 'N', '2016-03-30 22:47:53', '2016-03-30 23:28:46'),
(345, 2, 10, 22, 150, 20, NULL, 'indirect', 'residential', 'Doula Estate', 'Malik irfan', '03229919900', '', '', '1942', 'sale', 1125, 'marla', 'average', 3900000, 'lakh', 0, NULL, NULL, NULL, NULL, NULL, 'N', 'Y', 'N', '2016-03-30 22:48:15', '2016-03-30 23:31:09'),
(346, 2, 10, 22, 138, 20, NULL, 'indirect', 'residential', 'Doula Estate', 'Malik irfan', '03229919900', '', '', '482', 'sale', 1125, 'marla', 'average', 3050000, 'lakh', 0, NULL, NULL, NULL, NULL, NULL, 'N', 'Y', 'N', '2016-03-30 23:26:14', '2016-03-30 23:26:14'),
(347, 2, 10, 22, 139, 20, NULL, 'indirect', 'residential', 'Doula Estate', 'Malik irfan', '', '', '', '2219', 'sale', 1125, 'marla', 'average', 2900000, 'lakh', 0, NULL, NULL, NULL, NULL, NULL, 'N', 'Y', 'N', '2016-03-30 23:34:30', '2016-03-30 23:34:30'),
(348, 2, 10, 22, 141, 20, NULL, 'indirect', 'residential', 'parazand Estate', 'Abdul Rahman', '03004840807', '', '', '619', 'sale', 4500, 'kanal', 'average', 7100000, 'lakh', 0, NULL, NULL, NULL, NULL, NULL, 'N', 'Y', 'N', '2016-03-30 23:39:36', '2016-03-30 23:39:36'),
(349, 2, 10, 22, 143, 20, NULL, 'indirect', 'residential', 'parazand Estate', 'Abdul Rahman', '03004840807', '', '', '1100', 'sale', 4500, 'kanal', 'average', 8700000, 'lakh', 0, NULL, NULL, NULL, NULL, NULL, 'N', 'Y', 'N', '2016-03-30 23:41:54', '2016-03-30 23:41:54'),
(350, 2, 10, 22, 140, 20, NULL, 'indirect', 'residential', 'chohan Estate', 'Atif', '03028444677', '', '', '275', 'sale', 4500, 'kanal', 'average', 7500000, 'lakh', 0, NULL, NULL, NULL, NULL, NULL, 'N', 'Y', 'N', '2016-03-30 23:46:06', '2016-03-30 23:46:06'),
(351, 2, 10, 22, 140, 20, NULL, 'indirect', 'residential', 'chohan Estate', 'Atif', '03028444677', '', '', '110', 'sale', 4500, 'kanal', 'average', 8500000, 'lakh', 0, NULL, NULL, NULL, NULL, NULL, 'N', 'Y', 'N', '2016-03-30 23:47:38', '2016-03-30 23:47:38'),
(352, 2, 10, 18, 116, 20, NULL, 'indirect', 'residential', 'harib estate', 'javed', '03234933378', '', '', '132', 'sale', 1125, 'marla', 'average', 5800000, 'lakh', 0, NULL, NULL, NULL, NULL, NULL, 'N', 'Y', 'N', '2016-03-30 23:57:19', '2016-03-30 23:57:19'),
(353, 2, 10, 18, 116, 20, NULL, 'indirect', 'residential', 'harib estate', 'javed', '03234933378', '', '', '1932', 'sale', 1125, 'marla', 'average', 5600000, 'lakh', 0, NULL, NULL, NULL, NULL, NULL, 'N', 'Y', 'N', '2016-03-30 23:59:03', '2016-03-30 23:59:03'),
(354, 2, 10, 18, 115, 20, NULL, 'indirect', 'residential', 'harib estate', 'javed', '03234933378', '', '', '910', 'sale', 1125, 'marla', 'corner', 6200000, 'lakh', 0, NULL, NULL, NULL, NULL, NULL, 'N', 'Y', 'N', '2016-03-31 00:00:58', '2016-03-31 00:00:58'),
(355, 2, 10, 18, 115, 20, NULL, 'indirect', 'residential', 'harib estate', 'javed', '03234933378', '', '', '1631', 'sale', 1125, 'marla', 'average', 5800000, 'lakh', 0, NULL, NULL, NULL, NULL, NULL, 'N', 'Y', 'N', '2016-03-31 00:02:31', '2016-03-31 00:02:31'),
(356, 2, 10, 15, 90, 19, NULL, 'indirect', 'residential', 'fazaia estate', ' nadeem', '03218403845', '', '', '145', 'sale', 4500, 'kanal', 'average', 16000000, 'lakh', 0, NULL, NULL, NULL, NULL, NULL, 'Y', 'Y', 'N', '2016-03-31 09:31:35', '2016-03-31 09:31:35'),
(357, 2, 10, 15, 94, 19, NULL, 'indirect', 'residential', 'fazaia estate', 'nadeem', '03218403845', '', '', '666', 'sale', 4500, 'kanal', 'average', 24500000, 'lakh', 0, NULL, NULL, NULL, NULL, NULL, 'Y', 'Y', 'N', '2016-03-31 09:34:56', '2016-03-31 09:34:56'),
(358, 2, 10, 15, 96, 19, NULL, 'indirect', 'residential', 'fazaia estate', 'nadeem', '03218403845', '', '', '152', 'sale', 2250, 'marla', 'average', 11000000, 'lakh', 0, NULL, NULL, NULL, NULL, NULL, 'N', 'Y', 'N', '2016-03-31 09:36:57', '2016-03-31 09:36:57'),
(360, 2, 10, 14, 79, 19, NULL, 'indirect', 'residential', 'fortune estate', ' anjum', '03030048918', '', '', '770', 'sale', 4500, 'kanal', 'average', 15700000, 'lakh', 0, NULL, NULL, NULL, NULL, NULL, 'Y', 'Y', 'N', '2016-03-31 09:43:27', '2016-03-31 09:43:27'),
(361, 2, 10, 14, 82, 19, NULL, 'indirect', 'residential', 'fortune estate', 'anjum', '03030048918', '', '', '653', 'sale', 4500, 'kanal', 'average', 12300000, 'lakh', 0, NULL, NULL, NULL, NULL, NULL, 'Y', 'Y', 'N', '2016-03-31 09:48:45', '2016-03-31 09:48:45'),
(362, 2, 10, 14, 86, 19, NULL, 'indirect', 'residential', 'fortune estate', 'anjum', '03030048918', '', '', '2631', 'sale', 4500, 'kanal', 'average', 11500000, 'lakh', 0, NULL, NULL, NULL, NULL, NULL, 'N', 'Y', 'N', '2016-03-31 09:50:56', '2016-03-31 09:50:56'),
(363, 2, 10, 14, 86, 19, NULL, 'indirect', 'residential', 'fortune estate', 'anjum', '03030048918', '', '', '2631', 'sale', 4500, 'kanal', 'average', 11500000, 'lakh', 0, NULL, NULL, NULL, NULL, NULL, 'N', 'Y', 'N', '2016-03-31 09:51:07', '2016-03-31 09:51:07'),
(364, 2, 10, 22, 137, 19, NULL, 'indirect', 'residential', 'city estate', 'shahzad', '03214671635', '', '', '266', 'sale', 1197000, 'kanal', 'average', 8500000, 'lakh', 0, NULL, NULL, NULL, NULL, NULL, 'Y', 'Y', 'N', '2016-03-31 09:57:31', '2016-03-31 09:57:31'),
(365, 2, 10, 22, 135, 19, NULL, 'indirect', 'residential', 'city estate', 'shahzad', '', '', '', '1645', 'sale', 4500, 'kanal', 'average', 8500000, 'lakh', 0, NULL, NULL, NULL, NULL, NULL, 'N', 'Y', 'N', '2016-03-31 10:01:30', '2016-03-31 10:01:30'),
(366, 2, 10, 22, 142, 19, NULL, 'indirect', 'residential', 'city estate', 'shahzad', '03221467163', '', '', '8o1', 'sale', 4500, 'kanal', 'average', 6000000, 'lakh', 0, NULL, NULL, NULL, NULL, NULL, 'Y', 'Y', 'N', '2016-03-31 10:11:08', '2016-03-31 10:11:08'),
(367, 2, 10, 22, 140, 19, NULL, 'indirect', 'residential', 'city estate', 'shahzad', '03214671635', '', '', '1103', 'sale', 2250, 'marla', 'average', 5500000, 'lakh', 0, NULL, NULL, NULL, NULL, NULL, 'N', 'Y', 'N', '2016-03-31 10:39:24', '2016-03-31 10:39:24'),
(368, 2, 10, 22, 139, 19, NULL, 'indirect', 'residential', 'city estate', 'shahzad', '03214671635', '', '', '1430', 'sale', 2250, 'marla', 'average', 3200000, 'lakh', 0, NULL, NULL, NULL, NULL, NULL, 'N', 'Y', 'N', '2016-03-31 10:40:57', '2016-03-31 10:40:57'),
(369, 2, 10, 22, 150, 19, NULL, 'indirect', 'residential', 'city estate', 'shahzad', '03214671635', '', '', '1153', 'sale', 2250, 'marla', 'average', 3200000, 'lakh', 0, NULL, NULL, NULL, NULL, NULL, 'N', 'Y', 'N', '2016-03-31 10:42:21', '2016-03-31 10:42:21'),
(370, 2, 10, 16, 99, 15, NULL, 'indirect', 'residential', 'nabil u cafe', '', '', '', '', '186', 'sale', 2250, 'marla', 'average', 8500000, 'lakh', 0, NULL, NULL, NULL, NULL, NULL, 'N', 'Y', 'N', '2016-03-31 10:44:26', '2016-03-31 10:44:26'),
(371, 2, 10, 16, 101, 15, NULL, 'direct', 'residential', NULL, 'safian', '', '', '', '192', 'sale', 2250, 'marla', 'average', 10000000, 'lakh', 0, NULL, NULL, NULL, NULL, NULL, 'Y', 'Y', 'N', '2016-03-31 10:46:10', '2016-03-31 10:46:10'),
(372, 2, 10, 22, 138, 19, NULL, 'indirect', 'residential', 'city estate', 'shahzad', '03214671635', '', '', '658', 'sale', 2250, 'marla', 'average', 2800000, 'lakh', 0, NULL, NULL, NULL, NULL, NULL, 'N', 'Y', 'N', '2016-03-31 10:48:09', '2016-03-31 10:48:09'),
(373, 2, 10, 16, 101, 15, NULL, 'direct', 'residential', NULL, 'asif safian', '', '', '', '150', 'sale', 2250, 'marla', 'corner', 11000000, 'lakh', 0, NULL, NULL, NULL, NULL, NULL, 'N', 'Y', 'N', '2016-03-31 10:48:14', '2016-03-31 10:48:14'),
(374, 2, 10, 22, 138, 19, NULL, 'indirect', 'residential', 'city estate', 'shahzad', '03214671635', '', '', '530', 'sale', 2250, 'marla', 'average', 3300000, 'lakh', 0, NULL, NULL, NULL, NULL, NULL, 'N', 'Y', 'N', '2016-03-31 10:49:42', '2016-03-31 10:49:42'),
(375, 2, 10, 22, 138, 19, NULL, 'indirect', 'residential', 'city estate', 'shahzad', '03214671635', '', '', '727', 'sale', 2250, 'marla', 'average', 2900000, 'lakh', 0, NULL, NULL, NULL, NULL, NULL, 'N', 'Y', 'N', '2016-03-31 10:52:31', '2016-03-31 10:52:31'),
(376, 2, 10, 22, 130, 19, NULL, 'indirect', 'residential', 'city estate', 'farhan mughal', '03238438900', '', '', '705', 'sale', 4500, 'kanal', 'corner', 11000000, 'lakh', 0, NULL, NULL, NULL, NULL, NULL, 'Y', 'Y', 'N', '2016-03-31 10:59:59', '2016-03-31 10:59:59'),
(377, 2, 10, 22, 132, 19, NULL, 'indirect', 'residential', 'city estate', 'farhan mughal', '03238438900', '', '', '93', 'sale', 4500, 'kanal', 'average', 9500000, 'lakh', 0, NULL, NULL, NULL, NULL, NULL, 'Y', 'Y', 'N', '2016-03-31 11:09:55', '2016-03-31 11:09:55'),
(378, 2, 10, 22, 132, 19, NULL, 'indirect', 'residential', 'city estate', 'farhan mughal', '03238438900', '', '', '839', 'sale', 4500, 'kanal', 'average', 9200000, 'lakh', 0, NULL, NULL, NULL, NULL, NULL, 'Y', 'Y', 'N', '2016-03-31 11:12:19', '2016-03-31 11:12:19'),
(379, 2, 10, 22, 135, 19, NULL, 'indirect', 'residential', 'city estate', 'farhan mughal', '03238438900', '', '', '555', 'sale', 4500, 'kanal', 'average', 9200000, 'lakh', 0, NULL, NULL, NULL, NULL, NULL, 'Y', 'Y', 'N', '2016-03-31 11:14:10', '2016-03-31 11:14:10'),
(380, 2, 10, 22, 131, 19, NULL, 'indirect', 'residential', 'city estate', 'farhan mughal', '03238438900', '', '', '444', 'sale', 4500, 'kanal', 'average', 7500000, 'lakh', 0, NULL, NULL, NULL, NULL, NULL, 'N', 'Y', 'N', '2016-03-31 11:19:18', '2016-03-31 11:19:18'),
(381, 2, 10, 22, 133, 19, NULL, 'indirect', 'residential', 'city estate', 'farhan mughal', '03238438900k', '', '', '854', 'sale', 4500, 'kanal', 'average', 9500000, 'lakh', 0, NULL, NULL, NULL, NULL, NULL, 'N', 'Y', 'N', '2016-03-31 11:27:52', '2016-03-31 11:27:52'),
(382, 2, 10, 22, 150, 19, NULL, 'indirect', 'residential', 'estate sarvices', ' usman', '03234236752', '', '', '400', 'sale', 1125, 'marla', 'average', 3200008, 'lakh', 0, NULL, NULL, NULL, NULL, NULL, 'N', 'Y', 'N', '2016-03-31 11:33:15', '2016-03-31 11:33:15'),
(383, 2, 10, 22, 138, 19, NULL, 'indirect', 'residential', 'estate sarvices', 'usman', '03234236752', '', '', '2338', 'sale', 1125, 'marla', 'average', 3200000, 'lakh', 0, NULL, NULL, NULL, NULL, NULL, 'N', 'Y', 'N', '2016-03-31 11:40:53', '2016-03-31 11:40:53'),
(384, 2, 10, 22, 138, 19, NULL, 'indirect', 'residential', 'estate sarvices', 'usman', '03234236752', '', '', '2368', 'sale', 1125, 'marla', 'average', 3000000, 'lakh', 0, NULL, NULL, NULL, NULL, NULL, 'N', 'Y', 'N', '2016-03-31 11:55:13', '2016-03-31 11:55:13'),
(385, 2, 10, 22, 150, 19, NULL, 'indirect', 'residential', 'estate sarvices', 'usman', '03234236752', '', '', '1086', 'sale', 1125, 'marla', 'average', 3200000, 'lakh', 0, NULL, NULL, NULL, NULL, NULL, 'N', 'Y', 'N', '2016-03-31 12:02:22', '2016-03-31 12:02:22'),
(386, 2, 10, 22, 138, 19, NULL, 'indirect', 'residential', 'estate sarvices', 'usman', '03234236752', '', '', '109', 'sale', 1125, 'marla', 'corner', 3400000, 'lakh', 0, NULL, NULL, NULL, NULL, NULL, 'N', 'Y', 'N', '2016-03-31 12:06:26', '2016-03-31 12:06:26'),
(387, 2, 10, 22, 133, 19, NULL, 'indirect', 'residential', 'estate sarvices', 'usman', '03234236752', '', '', '314', 'sale', 4500, 'kanal', 'average', 11000000, 'lakh', 0, NULL, NULL, NULL, NULL, NULL, 'N', 'Y', 'N', '2016-03-31 12:11:19', '2016-03-31 12:11:19'),
(388, 2, 10, 22, 140, 19, NULL, 'indirect', 'residential', 'estate sarvices', 'usman', '03234236752', '', '', '528', 'sale', 4500, 'kanal', 'average', 5700000, 'lakh', 0, NULL, NULL, NULL, NULL, NULL, 'N', 'Y', 'N', '2016-03-31 12:22:11', '2016-03-31 12:22:11'),
(389, 2, 10, 18, 116, 19, NULL, 'indirect', 'residential', 'jinnah estate', ' tahir kiyani', '03244566496', '', '', '1654', 'sale', 1125, 'marla', 'average', 5300000, 'lakh', 0, NULL, NULL, NULL, NULL, NULL, 'N', 'Y', 'N', '2016-03-31 12:32:26', '2016-03-31 12:32:26'),
(390, 2, 10, 18, 116, 19, NULL, 'indirect', 'residential', 'jinnah estate', 'tahir kiyani', '03244566496', '', '', '326', 'sale', 1125, 'marla', 'average', 5650000, 'lakh', 0, NULL, NULL, NULL, NULL, NULL, 'N', 'Y', 'N', '2016-03-31 12:41:34', '2016-03-31 12:41:34'),
(391, 2, 10, 18, 113, 19, NULL, 'indirect', 'residential', 'jinnah estate', 'tahir kiyani', '03244566496', '', '', '134', 'sale', 1125, 'marla', 'average', 5800000, 'lakh', 0, NULL, NULL, NULL, NULL, NULL, 'N', 'Y', 'N', '2016-03-31 12:49:09', '2016-03-31 12:49:09'),
(392, 2, 10, 18, 114, 19, NULL, 'indirect', 'residential', 'jinnah estate', 'tahir kiyani', '03244566496', '', '', '1279', 'sale', 1125, 'marla', 'average', 5250000, 'lakh', 0, NULL, NULL, NULL, NULL, NULL, 'N', 'Y', 'N', '2016-03-31 12:54:03', '2016-03-31 12:54:03'),
(393, 2, 10, 18, 113, 19, NULL, 'indirect', 'residential', 'jinnah estate', 'tahir kiyani', '03244566496', '', '', '1366/12', 'sale', 1125, 'marla', 'corner', 5600000, 'lakh', 0, NULL, NULL, NULL, NULL, NULL, 'N', 'Y', 'N', '2016-03-31 13:02:11', '2016-03-31 13:02:11'),
(394, 2, 10, 18, 115, 19, NULL, 'indirect', 'residential', 'jinnah estate', 'tahir kiyani', '03244566496', '', '', '1260', 'sale', 1125, 'marla', 'average', 5250000, 'lakh', 0, NULL, NULL, NULL, NULL, NULL, 'N', 'Y', 'N', '2016-03-31 13:11:43', '2016-03-31 13:11:43'),
(395, 2, 10, 18, 115, 19, NULL, 'indirect', 'residential', 'jinnah estate', 'tahir kiyani', '03244566496', '', '', '52', 'sale', 1125, 'marla', 'average', 5500000, 'lakh', 0, NULL, NULL, NULL, NULL, NULL, 'N', 'Y', 'N', '2016-03-31 13:13:51', '2016-03-31 13:13:51'),
(396, 2, 10, 18, 115, 20, NULL, 'indirect', 'residential', 'harib estate', 'javed', '03234933378', '', '', '1320', 'sale', 1125, 'marla', 'corner', 5750000, 'lakh', 0, NULL, NULL, NULL, NULL, NULL, 'N', 'Y', 'N', '2016-03-31 13:17:21', '2016-03-31 13:17:21'),
(397, 2, 10, 18, 116, 20, NULL, 'indirect', 'residential', 'harib estate', 'javed', '03234933378', '', '', '715', 'sale', 1125, 'marla', 'average', 5550000, 'lakh', 0, NULL, NULL, NULL, NULL, NULL, 'N', 'Y', 'N', '2016-03-31 13:26:52', '2016-03-31 13:26:52'),
(398, 2, 10, 18, 116, 20, NULL, 'indirect', 'residential', 'harib estate', 'javed', '03234933378', '', '', '242', 'sale', 1125, 'marla', 'average', 5600000, 'lakh', 0, NULL, NULL, NULL, NULL, NULL, 'N', 'Y', 'N', '2016-03-31 13:30:58', '2016-03-31 13:30:58'),
(399, 2, 10, 14, 79, 19, NULL, 'indirect', 'residential', 'estate masters', ' faisal', '03214349171', '', '', '324', 'sale', 4500, 'kanal', 'corner', 15500000, 'lakh', 0, NULL, NULL, NULL, NULL, NULL, 'N', 'Y', 'N', '2016-03-31 14:08:46', '2016-03-31 14:08:46');
INSERT INTO `properties` (`id`, `category_id`, `city_id`, `society_id`, `block_id`, `user_id`, `title`, `type`, `group`, `estate_name`, `contact_person`, `mobile`, `phone`, `address`, `property_no`, `purpose`, `size`, `size_unit`, `location`, `price`, `price_unit`, `price_converted`, `picture`, `detail`, `house_type`, `bedrooms`, `features`, `share_contact_info`, `share_property`, `sold`, `created_at`, `updated_at`) VALUES
(400, 2, 10, 14, 79, 19, NULL, 'indirect', 'residential', 'estate masters', 'faisal', '03214349171', '', '', '546', 'sale', 4500, 'kanal', 'average', 15300000, 'lakh', 0, NULL, NULL, NULL, NULL, NULL, 'N', 'Y', 'N', '2016-03-31 14:15:27', '2016-03-31 14:15:27'),
(401, 2, 10, 15, 91, 19, NULL, 'indirect', 'residential', 'Care Estate', 'Miss Saba', '03244397747', '', '', '632', 'sale', 4500, 'kanal', 'average', 17000000, 'lakh', 0, NULL, NULL, NULL, NULL, NULL, 'N', 'Y', 'N', '2016-03-31 14:25:03', '2016-03-31 14:25:03'),
(402, 2, 10, 15, 93, 19, NULL, 'indirect', 'residential', 'Care Estate', 'Miss Saba', '03244397747', '', '', '1240', 'sale', 4500, 'kanal', 'average', 17500000, 'lakh', 0, NULL, NULL, NULL, NULL, NULL, 'N', 'Y', 'N', '2016-03-31 14:27:02', '2016-03-31 14:27:02'),
(403, 2, 10, 22, 142, 19, NULL, 'indirect', 'residential', 'Care Estate', 'Miss Saba', '03244397747', '', '', '1240', 'sale', 1125, 'marla', 'average', 8000000, 'lakh', 0, NULL, NULL, NULL, NULL, NULL, 'N', 'Y', 'N', '2016-03-31 14:28:30', '2016-03-31 14:28:30'),
(404, 2, 10, 22, 141, 19, NULL, 'indirect', 'residential', 'Care Estate', 'Miss Saba', '03244397747', '', '', '609', 'sale', 1125, 'marla', 'average', 8000000, 'lakh', 0, NULL, NULL, NULL, NULL, NULL, 'N', 'Y', 'N', '2016-03-31 14:31:32', '2016-03-31 14:31:32'),
(405, 2, 10, 22, 138, 19, NULL, 'indirect', 'residential', 'Care Estate', 'Miss Saba', '03244397747', '', '', '729', 'sale', 1125, 'marla', 'average', 2900000, 'lakh', 0, NULL, NULL, NULL, NULL, NULL, 'N', 'Y', 'N', '2016-03-31 14:33:14', '2016-03-31 14:33:14'),
(406, 2, 10, 18, 113, 20, NULL, 'indirect', 'residential', 'harib estate', 'javed', '03234933378', '', '', '919', 'sale', 1125, 'marla', 'average', 5000000, 'lakh', 0, NULL, NULL, NULL, NULL, NULL, 'N', 'Y', 'N', '2016-03-31 14:33:28', '2016-03-31 14:33:54'),
(407, 2, 10, 18, 113, 20, NULL, 'indirect', 'residential', 'harib estate', 'javed', '03234933378', '', '', '1085', 'sale', 1125, 'marla', 'average', 6500000, 'lakh', 0, NULL, NULL, NULL, NULL, NULL, 'N', 'Y', 'N', '2016-03-31 14:36:14', '2016-03-31 14:36:14'),
(408, 2, 10, 22, 144, 19, NULL, 'indirect', 'residential', 'Property World', 'Muneeb Ali', '03234766914', '', '', '487', 'sale', 4500, 'kanal', 'average', 8800000, 'lakh', 0, NULL, NULL, NULL, NULL, NULL, 'N', 'Y', 'N', '2016-03-31 14:37:22', '2016-03-31 14:37:22'),
(409, 2, 10, 22, 132, 19, NULL, 'indirect', 'residential', 'Property World', 'Muneeb Ali', '03234766914', '', '', '645', 'sale', 4500, 'kanal', 'average', 9200000, 'lakh', 0, NULL, NULL, NULL, NULL, NULL, 'N', 'Y', 'N', '2016-03-31 14:40:35', '2016-03-31 14:40:35'),
(410, 2, 10, 22, 137, 19, NULL, 'indirect', 'residential', 'Property World', 'Muneeb Ali', '03234766914', '', '', '1227', 'sale', 4500, 'kanal', 'average', 7600000, 'lakh', 0, NULL, NULL, NULL, NULL, NULL, 'N', 'Y', 'N', '2016-03-31 14:42:03', '2016-03-31 14:42:03'),
(411, 2, 10, 22, 139, 19, NULL, 'indirect', 'residential', 'Property World', 'Muneeb Ali', '03234766914', '', '', '1649', 'sale', 2250, 'marla', 'average', 5500000, 'lakh', 0, NULL, NULL, NULL, NULL, NULL, 'N', 'Y', 'N', '2016-03-31 14:43:40', '2016-03-31 14:43:40'),
(412, 2, 10, 18, 113, 20, NULL, 'indirect', 'residential', 'harib estate', 'javed', '03234933378', '', '', '680', 'sale', 1125, 'marla', 'average', 5800000, 'lakh', 0, NULL, NULL, NULL, NULL, NULL, 'N', 'Y', 'N', '2016-03-31 14:50:31', '2016-03-31 14:50:31'),
(413, 2, 10, 18, 114, 20, NULL, 'indirect', 'residential', 'harib estate', 'javed', '03234933378', '', '', '1287', 'sale', 1125, 'marla', 'average', 5600000, 'lakh', 0, NULL, NULL, NULL, NULL, NULL, 'N', 'Y', 'N', '2016-03-31 14:52:05', '2016-03-31 14:52:05'),
(414, 2, 10, 12, 52, 20, NULL, 'indirect', 'residential', 'Saad  Bhai Estate', 'Ibrahim', '03218403313', '', '', '111', 'sale', 4500, 'kanal', 'average', 31500000, 'lakh', 0, NULL, NULL, NULL, NULL, NULL, 'N', 'Y', 'N', '2016-03-31 14:56:30', '2016-03-31 14:56:30'),
(415, 2, 10, 22, 130, 20, NULL, 'indirect', 'residential', 'Eshal Estate', 'Mustafa', '03219419226', '', '', '153', 'sale', 4500, 'kanal', 'average', 9300000, 'lakh', 0, NULL, NULL, NULL, NULL, NULL, 'N', 'Y', 'N', '2016-03-31 15:00:04', '2016-03-31 15:00:04'),
(416, 2, 10, 22, 137, 20, NULL, 'indirect', 'residential', 'Eshal Estate', 'Mustafa', '03219419226', '', '', '1484', 'sale', 4500, 'kanal', 'average', 9000000, 'lakh', 0, NULL, NULL, NULL, NULL, NULL, 'N', 'Y', 'N', '2016-03-31 15:02:12', '2016-03-31 15:02:12'),
(417, 2, 10, 14, 86, 20, NULL, 'indirect', 'residential', 'Skyy Estate', 'Asad', '03005647777', '', '', '643', 'sale', 4500, 'kanal', 'average', 11600000, 'lakh', 0, NULL, NULL, NULL, NULL, NULL, 'N', 'Y', 'N', '2016-03-31 15:13:31', '2016-03-31 15:13:31'),
(418, 2, 10, 14, 86, 20, NULL, 'indirect', 'residential', 'Skyy Estate', 'Asad', '03005647777', '', '', '14', 'sale', 4500, 'kanal', 'average', 14200000, 'lakh', 0, NULL, NULL, NULL, NULL, NULL, 'N', 'Y', 'N', '2016-03-31 15:16:24', '2016-03-31 15:16:24'),
(419, 2, 10, 14, 79, 20, NULL, 'indirect', 'residential', 'Skyy Estate', 'Asad', '03005647777', '', '', '631', 'sale', 4500, 'kanal', 'average', 14500000, 'lakh', 0, NULL, NULL, NULL, NULL, NULL, 'N', 'Y', 'N', '2016-03-31 15:20:05', '2016-03-31 15:20:05'),
(420, 2, 10, 14, 79, 20, NULL, 'indirect', 'residential', 'Skyy Estate', 'Asad', '03005647777', '', '', '129', 'sale', 4500, 'kanal', 'average', 15000000, 'lakh', 0, NULL, NULL, NULL, NULL, NULL, 'N', 'Y', 'N', '2016-03-31 15:21:54', '2016-03-31 15:21:54'),
(421, 2, 10, 14, 80, 20, NULL, 'indirect', 'residential', 'Skyy Estate', 'Asad', '03005647777', '', '', '131', 'sale', 4500, 'kanal', 'average', 11800000, 'lakh', 0, NULL, NULL, NULL, NULL, NULL, 'N', 'Y', 'N', '2016-03-31 15:37:27', '2016-03-31 15:37:27'),
(422, 2, 10, 14, 87, 20, NULL, 'indirect', 'residential', 'Skyy Estate', 'Asad', '03005647777', '', '', '1334', 'sale', 4500, 'kanal', 'average', 9500000, 'lakh', 0, NULL, NULL, NULL, NULL, NULL, 'N', 'Y', 'N', '2016-03-31 15:38:50', '2016-03-31 15:38:50'),
(423, 2, 10, 14, 87, 20, NULL, 'indirect', 'residential', 'Skyy Estate', 'Asad', '03005647777', '', '', '448,449 pair', 'sale', 4500, 'kanal', 'average', 30000000, 'lakh', 0, NULL, NULL, NULL, NULL, NULL, 'N', 'Y', 'N', '2016-03-31 15:40:33', '2016-03-31 15:40:33'),
(424, 2, 10, 22, 130, 20, NULL, 'indirect', 'residential', 'Skyy Estate', 'Faisal', '03214716665', '', '', '234', 'sale', 4500, 'kanal', 'average', 10000000, 'lakh', 0, NULL, NULL, NULL, NULL, NULL, 'N', 'Y', 'N', '2016-03-31 15:42:01', '2016-03-31 15:42:01'),
(425, 2, 10, 22, 130, 20, NULL, 'indirect', 'residential', 'Skyy Estate', 'Faisal', '03214716665', '', '', '836', 'sale', 4500, 'kanal', 'average', 11000000, 'lakh', 0, NULL, NULL, NULL, NULL, NULL, 'N', 'Y', 'N', '2016-03-31 15:49:23', '2016-03-31 15:49:23'),
(426, 2, 10, 22, 131, 20, NULL, 'indirect', 'residential', 'Skyy Estate', 'Faisal', '03214716665', '', '', '591', 'sale', 4500, 'kanal', 'corner', 8700000, 'lakh', 0, NULL, NULL, NULL, NULL, NULL, 'N', 'Y', 'N', '2016-03-31 15:52:34', '2016-03-31 15:52:34'),
(427, 2, 10, 22, 133, 20, NULL, 'indirect', 'residential', 'Skyy Estate', 'Faisal', '03214716665', '', '', '854', 'sale', 4500, 'kanal', 'average', 9600000, 'lakh', 0, NULL, NULL, NULL, NULL, NULL, 'N', 'Y', 'N', '2016-03-31 15:55:01', '2016-03-31 15:55:01'),
(428, 2, 10, 22, 137, 20, NULL, 'indirect', 'residential', 'Skyy Estate', 'Faisal', '03214716665', '', '', '1524', 'sale', 4500, 'kanal', 'average', 6500000, 'lakh', 0, NULL, NULL, NULL, NULL, NULL, 'N', 'Y', 'N', '2016-03-31 15:57:29', '2016-03-31 15:57:29'),
(429, 2, 10, 22, 139, 20, NULL, 'indirect', 'residential', 'Skyy Estate', 'Faisal', '03214716665', '', '', '621', 'sale', 4500, 'kanal', 'average', 7800000, 'lakh', 0, NULL, NULL, NULL, NULL, NULL, 'N', 'Y', 'N', '2016-03-31 15:58:50', '2016-03-31 15:58:50'),
(430, 2, 10, 22, 142, 20, NULL, 'indirect', 'residential', 'Skyy Estate', 'Faisal', '03214716665', '', '', '194', 'sale', 4500, 'kanal', 'average', 6100000, 'lakh', 0, NULL, NULL, NULL, NULL, NULL, 'N', 'Y', 'N', '2016-03-31 16:02:33', '2016-03-31 16:02:33'),
(431, 2, 10, 22, 144, 20, NULL, 'indirect', 'residential', 'Skyy Estate', 'Faisal', '03214716665', '', '', '365', 'sale', 4500, 'kanal', 'corner', 7500000, 'lakh', 0, NULL, NULL, NULL, NULL, NULL, 'N', 'Y', 'N', '2016-03-31 16:04:10', '2016-03-31 16:04:35'),
(432, 2, 10, 22, 144, 20, NULL, 'indirect', 'residential', 'Skyy Estate', 'Faisal', '03214716665', '', '', '821', 'sale', 4500, 'kanal', 'average', 9800000, 'lakh', 0, NULL, NULL, NULL, NULL, NULL, 'N', 'Y', 'N', '2016-03-31 16:06:03', '2016-03-31 16:06:03'),
(433, 2, 10, 22, 139, 20, NULL, 'indirect', 'residential', 'Skyy Estate', 'Faisal', '03214716665', '', '', '2065', 'sale', 1125, 'marla', 'average', 3200000, 'lakh', 0, NULL, NULL, NULL, NULL, NULL, 'N', 'Y', 'N', '2016-03-31 16:11:54', '2016-03-31 16:11:54'),
(434, 2, 10, 22, 150, 20, NULL, 'indirect', 'residential', 'Skyy Estate', 'Faisal', '03214716665', '', '', '631', 'sale', 4500, 'kanal', 'average', 14500000, 'lakh', 0, NULL, NULL, NULL, NULL, NULL, 'N', 'Y', 'N', '2016-03-31 16:15:09', '2016-03-31 16:15:09'),
(435, 2, 10, 15, 96, 20, NULL, 'indirect', 'residential', 'Skyy Estate', 'Jumshaid akhtar', '03225555159', '', '', '287', 'sale', 1125, 'marla', 'average', 5800000, 'lakh', 0, NULL, NULL, NULL, NULL, NULL, 'N', 'Y', 'N', '2016-03-31 16:18:12', '2016-03-31 16:18:12'),
(436, 2, 10, 15, 90, 20, NULL, 'indirect', 'residential', 'Skyy Estate', 'Jumshaid akhtar', '03225555159', '', '', '933', 'sale', 4500, 'kanal', 'average', 12500000, 'lakh', 0, NULL, NULL, NULL, NULL, NULL, 'N', 'Y', 'N', '2016-03-31 16:19:46', '2016-03-31 16:19:46'),
(437, 2, 10, 15, 92, 20, NULL, 'indirect', 'residential', 'Skyy Estate', 'Jumshaid akhtar', '03225555159', '', '', '596', 'sale', 4500, 'kanal', 'average', 14000000, 'lakh', 0, NULL, NULL, NULL, NULL, NULL, 'N', 'Y', 'N', '2016-03-31 16:23:27', '2016-03-31 16:23:27'),
(438, 2, 10, 13, 69, 20, NULL, 'indirect', 'residential', 'Skyy Estate', 'Jumshaid akhtar', '03225555159', '', '', '1035', 'sale', 4500, 'kanal', 'average', 18500000, 'lakh', 0, NULL, NULL, NULL, NULL, NULL, 'N', 'Y', 'N', '2016-03-31 16:28:11', '2016-03-31 16:28:11'),
(439, 2, 10, 13, 62, 20, NULL, 'indirect', 'residential', 'Skyy Estate', 'Jumshaid akhtar', '03225555159', '', '', '1419', 'sale', 1125, 'marla', 'average', 5700000, 'lakh', 0, NULL, NULL, NULL, NULL, NULL, 'N', 'Y', 'N', '2016-03-31 16:32:44', '2016-03-31 16:32:44'),
(440, 2, 10, 14, 76, 20, NULL, 'indirect', 'residential', 'Estate trust', 'Amir', '03004234576', '', '', '14', 'sale', 900, 'marla', 'average', 20000000, 'lakh', 0, NULL, NULL, NULL, NULL, NULL, 'N', 'Y', 'N', '2016-03-31 16:38:55', '2016-03-31 16:38:55'),
(441, 2, 10, 12, 56, 20, NULL, 'indirect', 'residential', 'New city estate', 'Maqsood', '03218864298', '', '', '265', 'sale', 4500, 'kanal', 'average', 16000000, 'lakh', 0, NULL, NULL, NULL, NULL, NULL, 'N', 'Y', 'N', '2016-03-31 18:06:37', '2016-03-31 18:06:37'),
(442, 2, 10, 16, 102, 20, NULL, 'indirect', 'residential', 'New city estate', 'Maqsood', '03218864298', '', '', '85', 'sale', 2250, 'marla', 'average', 9000000, 'lakh', 0, NULL, NULL, NULL, NULL, NULL, 'N', 'Y', 'N', '2016-03-31 18:08:10', '2016-03-31 18:08:10'),
(443, 2, 10, 12, 56, 20, NULL, 'indirect', 'residential', 'New city estate', 'Maqsood', '03218864298', '', '', '490', 'sale', 4500, 'kanal', 'average', 14000000, 'lakh', 0, NULL, NULL, NULL, NULL, NULL, 'N', 'Y', 'N', '2016-03-31 18:10:34', '2016-03-31 18:10:34'),
(444, 2, 10, 14, 78, 20, NULL, 'indirect', 'residential', 'Etihad Estate', 'Shaikh azam', '03214449562', '', '', '1040', 'sale', 4500, 'kanal', 'average', 10500000, 'lakh', 0, NULL, NULL, NULL, NULL, NULL, 'N', 'Y', 'N', '2016-03-31 18:15:59', '2016-03-31 18:15:59'),
(445, 2, 10, 14, 78, 20, NULL, 'indirect', 'residential', 'Etihad Estate', 'Shaikh azam', '03214449562', '', '', '1066', 'sale', 4500, 'kanal', 'average', 10000000, 'lakh', 0, NULL, NULL, NULL, NULL, NULL, 'N', 'Y', 'N', '2016-03-31 18:20:02', '2016-03-31 18:20:02'),
(446, 2, 10, 14, 83, 20, NULL, 'indirect', 'residential', 'Etihad Estate', 'Shaikh azam', '03214449562', '', '', '959', 'sale', 4500, 'kanal', 'average', 10000000, 'lakh', 0, NULL, NULL, NULL, NULL, NULL, 'N', 'Y', 'N', '2016-03-31 18:22:58', '2016-03-31 18:22:58'),
(447, 2, 10, 14, 82, 20, NULL, 'indirect', 'residential', 'Etihad Estate', 'Shaikh azam', '03214449562', '', '', '660', 'sale', 4500, 'kanal', 'average', 11800000, 'lakh', 0, NULL, NULL, NULL, NULL, NULL, 'N', 'Y', 'N', '2016-03-31 18:25:50', '2016-03-31 18:25:50'),
(448, 2, 10, 14, 86, 20, NULL, 'indirect', 'residential', 'Etihad Estate', 'Shaikh azam', '03214449562', '', '', '1202', 'sale', 4500, 'kanal', 'average', 11600000, 'lakh', 0, NULL, NULL, NULL, NULL, NULL, 'N', 'Y', 'N', '2016-03-31 18:28:28', '2016-03-31 18:28:28'),
(449, 2, 10, 14, 86, 20, NULL, 'indirect', 'residential', 'Etihad Estate', 'Shaikh azam', '03214449562', '', '', '1634', 'sale', 4500, 'kanal', 'average', 10500000, 'lakh', 0, NULL, NULL, NULL, NULL, NULL, 'N', 'Y', 'N', '2016-03-31 18:30:25', '2016-03-31 18:30:25'),
(450, 2, 10, 14, 86, 20, NULL, 'indirect', 'residential', 'Etihad Estate', 'Shaikh azam', '03214449562', '', '', '2101', 'sale', 2250, 'marla', 'average', 9000000, 'lakh', 0, NULL, NULL, NULL, NULL, NULL, 'N', 'Y', 'N', '2016-03-31 18:35:02', '2016-03-31 18:35:02'),
(451, 2, 10, 18, 113, 20, NULL, 'indirect', 'residential', 'Fortune Estate', 'Akram', '03225454444', '', '', '1363/13', 'sale', 1125, 'marla', 'average', 5300000, 'lakh', 0, NULL, NULL, NULL, NULL, NULL, 'N', 'Y', 'N', '2016-03-31 18:40:01', '2016-03-31 18:40:01'),
(452, 2, 10, 22, 140, 20, NULL, 'indirect', 'residential', 'Fortune Estate', 'Akram', '03225454444', '', '', '1242', 'sale', 1125, 'marla', 'average', 2450000, 'lakh', 0, NULL, NULL, NULL, NULL, NULL, 'N', 'Y', 'N', '2016-03-31 18:41:57', '2016-03-31 18:41:57'),
(453, 2, 10, 22, 138, 20, NULL, 'indirect', 'residential', 'Fortune Estate', 'Akram', '03225454444', '', '', '2004', 'sale', 1125, 'marla', 'average', 2800000, 'lakh', 0, NULL, NULL, NULL, NULL, NULL, 'N', 'Y', 'N', '2016-03-31 18:43:44', '2016-03-31 18:43:44'),
(454, 2, 10, 22, 138, 20, NULL, 'indirect', 'residential', 'Fortune Estate', 'Akram', '03225454444', '', '', '2752', 'sale', 1125, 'marla', 'average', 2600000, 'lakh', 0, NULL, NULL, NULL, NULL, NULL, 'N', 'Y', 'N', '2016-03-31 18:45:57', '2016-03-31 18:45:57'),
(455, 2, 10, 15, 93, 20, NULL, 'indirect', 'residential', 'Ghani Estate', 'Usman', '03334023007', '', '', '685', 'sale', 4500, 'kanal', 'average', 19000000, 'lakh', 0, NULL, NULL, NULL, NULL, NULL, 'N', 'Y', 'N', '2016-03-31 20:47:41', '2016-03-31 20:47:41'),
(456, 2, 10, 15, 93, 20, NULL, 'indirect', 'residential', 'Ghani Estate', 'Usman', '03334023007', '', '', '722', 'sale', 4500, 'kanal', 'average', 18500000, 'lakh', 0, NULL, NULL, NULL, NULL, NULL, 'N', 'Y', 'N', '2016-03-31 20:53:23', '2016-03-31 20:53:23'),
(457, 2, 10, 15, 94, 20, NULL, 'indirect', 'residential', 'Ghani Estate', 'Usman', '03334023007', '', '', '845', 'sale', 4500, 'kanal', 'average', 22500000, 'lakh', 0, NULL, NULL, NULL, NULL, NULL, 'N', 'Y', 'N', '2016-03-31 20:55:27', '2016-03-31 20:55:27'),
(458, 2, 10, 15, 96, 20, NULL, 'indirect', 'residential', 'Ghani Estate', 'Usman', '03334023007', '', '', '252', 'sale', 1800, 'marla', 'average', 8800000, 'lakh', 0, NULL, NULL, NULL, NULL, NULL, 'N', 'Y', 'N', '2016-03-31 20:56:38', '2016-03-31 20:56:38'),
(459, 2, 10, 22, 132, 20, NULL, 'indirect', 'residential', 'Iqbal Estate', 'Shahid khan', '03334393929', '', '', '1182', 'sale', 4500, 'kanal', 'average', 8800000, 'lakh', 0, NULL, NULL, NULL, NULL, NULL, 'N', 'Y', 'N', '2016-03-31 21:02:12', '2016-03-31 21:02:12'),
(460, 2, 10, 22, 132, 20, NULL, 'indirect', 'residential', 'Iqbal Estate', 'Shahid khan', '03334393929', '', '', '1182', 'sale', 4500, 'kanal', 'average', 8800000, 'lakh', 0, NULL, NULL, NULL, NULL, NULL, 'N', 'Y', 'N', '2016-03-31 21:02:43', '2016-03-31 21:02:43'),
(461, 2, 10, 17, 108, 20, NULL, 'indirect', 'residential', 'Property Coen', 'Rabnawaz', '03228444505', '', '', '181.182 pair', 'sale', 9000, 'kanal', 'average', 70000000, 'lakh', 0, NULL, NULL, NULL, NULL, NULL, 'N', 'Y', 'N', '2016-04-02 10:44:34', '2016-04-02 10:44:34'),
(462, 2, 10, 15, 126, 20, NULL, 'indirect', 'residential', 'Property Coen', 'Rabnawaz', '03228444505', '', '', '368', 'sale', 1125, 'marla', 'average', 4350000, 'lakh', 0, NULL, NULL, NULL, NULL, NULL, 'N', 'Y', 'N', '2016-04-02 10:46:20', '2016-04-02 10:46:20'),
(463, 2, 10, 22, 139, 20, NULL, 'indirect', 'residential', 'Property Coen', 'Rabnawaz', '03228444505', '', '', '1277', 'sale', 1125, 'marla', 'average', 3300000, 'lakh', 0, NULL, NULL, NULL, NULL, NULL, 'N', 'Y', 'N', '2016-04-02 10:47:46', '2016-04-02 10:47:46'),
(464, 2, 10, 14, 79, 20, NULL, 'indirect', 'residential', 'Property Coen', 'Haroon', '03214227412', '', '', '550', 'sale', 4500, 'kanal', 'average', 14800000, 'lakh', 0, NULL, NULL, NULL, NULL, NULL, 'N', 'Y', 'N', '2016-04-02 10:49:42', '2016-04-02 10:49:42'),
(465, 2, 10, 14, 86, 20, NULL, 'indirect', 'residential', 'Property Coen', 'Haroon', '03214227412', '', '', '4220', 'sale', 4500, 'kanal', 'average', 9900000, 'lakh', 0, NULL, NULL, NULL, NULL, NULL, 'N', 'Y', 'N', '2016-04-02 10:51:33', '2016-04-02 10:51:33'),
(466, 2, 10, 13, 66, 20, NULL, 'indirect', 'residential', 'Property Coen', 'Haroon', '03214227412', '', '', '351', 'sale', 4500, 'kanal', 'average', 24000000, 'lakh', 0, NULL, NULL, NULL, NULL, NULL, 'N', 'Y', 'N', '2016-04-02 10:53:01', '2016-04-02 10:53:01'),
(467, 2, 10, 18, 113, 20, NULL, 'indirect', 'residential', 'Estate Masters', 'Faisal', '03214349171', '', '', '651', 'sale', 1125, 'marla', 'average', 6000000, 'lakh', 0, NULL, NULL, NULL, NULL, NULL, 'N', 'Y', 'N', '2016-04-02 10:55:39', '2016-04-02 10:55:39'),
(468, 2, 10, 18, 113, 20, NULL, 'indirect', 'residential', 'Estate Masters', 'Faisal', '03214349171', '', '', '1478', 'sale', 1125, 'marla', 'average', 4500000, 'lakh', 0, NULL, NULL, NULL, NULL, NULL, 'N', 'Y', 'N', '2016-04-02 10:57:51', '2016-04-02 10:57:51'),
(469, 2, 10, 22, 131, 20, NULL, 'indirect', 'residential', 'International cancer', 'balal', '03229996114', '', '', '897', 'sale', 4500, 'kanal', 'average', 8700000, 'lakh', 0, NULL, NULL, NULL, NULL, NULL, 'N', 'Y', 'N', '2016-04-02 11:00:56', '2016-04-02 11:00:56'),
(470, 2, 10, 22, 133, 20, NULL, 'indirect', 'residential', 'International cancer', 'balal', '03229996114', '', '', '288', 'sale', 4500, 'kanal', 'average', 9700000, 'lakh', 0, NULL, NULL, NULL, NULL, NULL, 'N', 'Y', 'N', '2016-04-02 11:03:41', '2016-04-02 11:03:41'),
(471, 2, 10, 22, 134, 20, NULL, 'indirect', 'residential', 'International cancer', 'balal', '03229996114', '', '', '163', 'sale', 4500, 'kanal', 'average', 9700000, 'lakh', 0, NULL, NULL, NULL, NULL, NULL, 'N', 'Y', 'N', '2016-04-02 11:05:29', '2016-04-02 11:05:29'),
(472, 2, 10, 22, 134, 20, NULL, 'indirect', 'residential', 'International cancer', 'balal', '03229996114', '', '', '120', 'sale', 4500, 'kanal', 'average', 9000000, 'lakh', 0, NULL, NULL, NULL, NULL, NULL, 'N', 'Y', 'N', '2016-04-02 11:06:51', '2016-04-02 11:06:51'),
(473, 2, 10, 22, 133, 20, NULL, 'indirect', 'residential', 'Fazaia Estate ', 'Ali raza', '03218859404', '', '', '911', 'sale', 4500, 'kanal', 'average', 9600000, 'lakh', 0, NULL, NULL, NULL, NULL, NULL, 'N', 'Y', 'N', '2016-04-02 11:12:02', '2016-04-02 11:12:02'),
(474, 2, 10, 22, 137, 20, NULL, 'indirect', 'residential', 'Fazaia Estate ', 'Ali raza', '03218859404', '', '', '583', 'sale', 4500, 'kanal', 'average', 7400000, 'lakh', 0, NULL, NULL, NULL, NULL, NULL, 'N', 'Y', 'N', '2016-04-02 11:14:06', '2016-04-02 11:14:06'),
(475, 2, 10, 22, 133, 20, NULL, 'indirect', 'residential', 'Fazaia Estate ', 'Ali raza', '03218859404', '', '', '1003', 'sale', 4500, 'kanal', 'average', 7500000, 'lakh', 0, NULL, NULL, NULL, NULL, NULL, 'N', 'Y', 'N', '2016-04-02 11:19:34', '2016-04-02 11:19:34'),
(476, 2, 10, 22, 136, 20, NULL, 'indirect', 'residential', 'Zameen xpert', 'Amir', '03219799166', '', '', '721', 'sale', 4500, 'kanal', 'average', 8500000, 'lakh', 0, NULL, NULL, NULL, NULL, NULL, 'N', 'Y', 'N', '2016-04-02 11:23:11', '2016-04-02 11:23:11'),
(477, 2, 10, 22, 135, 20, NULL, 'indirect', 'residential', 'Zameen xpert', 'Amir', '03219799166', '', '', '1151', 'sale', 4500, 'kanal', 'average', 10200000, 'lakh', 0, NULL, NULL, NULL, NULL, NULL, 'N', 'Y', 'N', '2016-04-02 11:26:21', '2016-04-02 11:26:21'),
(478, 2, 10, 22, 143, 20, NULL, 'indirect', 'residential', 'Zameen xpert', 'Amir', '03219799166', '', '', '306', 'sale', 4500, 'kanal', 'average', 9200000, 'lakh', 0, NULL, NULL, NULL, NULL, NULL, 'N', 'Y', 'N', '2016-04-02 11:33:03', '2016-04-02 11:33:03'),
(479, 2, 10, 18, 113, 20, NULL, 'indirect', 'residential', 'Property Guide', 'Israr', '03218451828', '', '', '284', 'sale', 1125, 'marla', 'average', 6500000, 'lakh', 0, NULL, NULL, NULL, NULL, NULL, 'N', 'Y', 'N', '2016-04-02 11:36:40', '2016-04-02 11:36:40'),
(480, 2, 10, 18, 114, 20, NULL, 'indirect', 'residential', 'Property Guide', 'Israr', '03218451828', '', '', '1206', 'sale', 1125, 'marla', 'average', 5800000, 'lakh', 0, NULL, NULL, NULL, NULL, NULL, 'N', 'Y', 'N', '2016-04-02 11:39:13', '2016-04-02 11:39:13'),
(481, 2, 10, 14, 149, 20, NULL, 'indirect', 'residential', 'The property House', 'Farooq', '03218882727', '', '', '1297', 'sale', 4500, 'kanal', 'average', 9000000, 'lakh', 0, NULL, NULL, NULL, NULL, NULL, 'N', 'Y', 'N', '2016-04-02 11:42:05', '2016-04-02 11:42:05'),
(482, 2, 10, 14, 82, 20, NULL, 'indirect', 'residential', 'The property House', 'Farooq', '03218882727', '', '', '362', 'sale', 4500, 'kanal', 'average', 12500000, 'lakh', 0, NULL, NULL, NULL, NULL, NULL, 'N', 'Y', 'N', '2016-04-02 11:44:22', '2016-04-02 11:44:22'),
(483, 2, 10, 14, 77, 20, NULL, 'indirect', 'residential', 'The property House', 'Farooq', '03218882727', '', '', '669', 'sale', 4950, 'marla', 'average', 16500000, 'lakh', 0, NULL, NULL, NULL, NULL, NULL, 'N', 'Y', 'N', '2016-04-02 11:50:01', '2016-04-02 11:50:01'),
(484, 2, 10, 15, 93, 20, NULL, 'indirect', 'residential', 'Fast Deal', 'Tariq', '03229472361', '', '', '185', 'sale', 4500, 'kanal', 'average', 14500000, 'lakh', 0, NULL, NULL, NULL, NULL, NULL, 'N', 'Y', 'N', '2016-04-02 11:56:20', '2016-04-02 11:56:20'),
(485, 2, 10, 15, 93, 20, NULL, 'indirect', 'residential', 'Fast Deal', 'Tariq', '03229472361', '', '', '1185', 'sale', 4500, 'kanal', 'average', 19000000, 'lakh', 0, NULL, NULL, NULL, NULL, NULL, 'N', 'Y', 'N', '2016-04-02 12:03:56', '2016-04-02 12:03:56'),
(486, 2, 10, 15, 93, 20, NULL, 'indirect', 'residential', 'Fast Deal', 'Tariq', '03229472361', '', '', '20', 'sale', 4500, 'kanal', 'average', 19000000, 'lakh', 0, NULL, NULL, NULL, NULL, NULL, 'N', 'Y', 'N', '2016-04-02 12:22:14', '2016-04-02 12:22:14'),
(487, 2, 10, 15, 95, 20, NULL, 'indirect', 'residential', 'Fast Deal', 'Tariq', '03229472361', '', '', '209', 'sale', 4500, 'kanal', 'average', 18000000, 'lakh', 0, NULL, NULL, NULL, NULL, NULL, 'N', 'Y', 'N', '2016-04-02 12:23:40', '2016-04-02 12:23:40'),
(488, 2, 10, 15, 94, 20, NULL, 'indirect', 'residential', 'Fast Deal', 'Tariq', '03229472361', '', '', '117', 'sale', 4500, 'kanal', 'average', 24500000, 'lakh', 0, NULL, NULL, NULL, NULL, NULL, 'N', 'Y', 'N', '2016-04-02 12:25:23', '2016-04-02 12:25:23'),
(489, 2, 10, 15, 94, 20, NULL, 'indirect', 'residential', 'Fast Deal', 'Tariq', '03229472361', '', '', '306', 'sale', 4500, 'kanal', 'average', 24000000, 'lakh', 0, NULL, NULL, NULL, NULL, NULL, 'N', 'Y', 'N', '2016-04-02 12:27:32', '2016-04-02 12:27:32'),
(490, 2, 10, 15, 92, 20, NULL, 'indirect', 'residential', 'Fast Deal', 'Tariq', '03229472361', '', '', '719', 'sale', 4500, 'kanal', 'average', 18500000, 'lakh', 0, NULL, NULL, NULL, NULL, NULL, 'N', 'Y', 'N', '2016-04-02 12:28:51', '2016-04-02 12:28:51'),
(491, 2, 10, 15, 91, 20, NULL, 'indirect', 'residential', 'Fast Deal', 'Tariq', '03229472361', '', '', '1191', 'sale', 4500, 'kanal', 'average', 21500000, 'lakh', 0, NULL, NULL, NULL, NULL, NULL, 'N', 'Y', 'N', '2016-04-02 12:30:25', '2016-04-02 12:30:25'),
(492, 2, 10, 15, 90, 20, NULL, 'indirect', 'residential', 'Fast Deal', 'Tariq', '03229472361', '', '', '687', 'sale', 4500, 'kanal', 'average', 14500000, 'lakh', 0, NULL, NULL, NULL, NULL, NULL, 'N', 'Y', 'N', '2016-04-02 12:31:58', '2016-04-02 12:31:58'),
(493, 2, 10, 15, 96, 20, NULL, 'indirect', 'residential', 'Fast Deal', 'Tariq', '03229472361', '', '', '300', 'sale', 1125, 'marla', 'average', 5300000, 'lakh', 0, NULL, NULL, NULL, NULL, NULL, 'N', 'Y', 'N', '2016-04-02 12:33:30', '2016-04-02 12:33:30'),
(494, 2, 10, 14, 94, 20, NULL, 'indirect', 'residential', 'Fast Deal', 'Saleem', '03244465240', '', '', '1417', 'sale', 4500, 'kanal', 'average', 15500000, 'lakh', 0, NULL, NULL, NULL, NULL, NULL, 'N', 'Y', 'N', '2016-04-02 12:37:01', '2016-04-02 13:04:54'),
(496, 2, 10, 8, 19, 19, NULL, 'indirect', 'residential', 'Royal Estate', 'Raheel Ahmad', '03215555707', '', '', '56/1', 'sale', 9000, 'kanal', 'average', 47500000, 'lakh', 0, NULL, NULL, NULL, NULL, NULL, 'N', 'Y', 'N', '2016-04-02 12:37:19', '2016-04-02 12:37:19'),
(497, 2, 10, 14, 85, 20, NULL, 'indirect', 'residential', 'Fast Deal', 'Saleem', '03244465240', '', '', '904', 'sale', 4500, 'kanal', 'average', 15500000, 'lakh', 0, NULL, NULL, NULL, NULL, NULL, 'N', 'Y', 'N', '2016-04-02 12:38:55', '2016-04-02 13:17:48'),
(498, 2, 10, 14, 81, 20, NULL, 'indirect', 'residential', 'Fast Deal', 'Saleem', '03244465240', '', '', '1476', 'sale', 2250, 'marla', 'average', 7600000, 'lakh', 0, NULL, NULL, NULL, NULL, NULL, 'N', 'Y', 'N', '2016-04-02 12:40:43', '2016-04-02 13:25:09'),
(500, 2, 10, 14, 85, 20, NULL, 'indirect', 'residential', 'Fast Deal', 'Saleem', '03244465240', '', '', '1219', 'sale', 2250, 'marla', 'average', 7500000, 'lakh', 0, NULL, NULL, NULL, NULL, NULL, 'N', 'Y', 'N', '2016-04-02 12:42:25', '2016-04-02 13:23:47'),
(501, 2, 10, 14, 95, 20, NULL, 'indirect', 'residential', 'Fast Deal', 'Saleem', '03229472361', '', '', '1150', 'sale', 2250, 'marla', 'average', 7300000, 'lakh', 0, NULL, NULL, NULL, NULL, NULL, 'N', 'Y', 'N', '2016-04-02 12:44:06', '2016-04-02 13:21:24'),
(502, 2, 10, 14, 90, 20, NULL, 'indirect', 'residential', 'Fast Deal', 'Saleem', '03244465240', '', '', '1122', 'sale', 4500, 'kanal', 'average', 12700000, 'lakh', 0, NULL, NULL, NULL, NULL, NULL, 'N', 'Y', 'N', '2016-04-02 12:49:09', '2016-04-02 13:19:27'),
(509, 2, 10, 22, 150, 19, NULL, 'indirect', 'residential', 'Concept Estate', 'C.h Hameed', '03218431215', '', '', '1150', 'sale', 1125, 'marla', 'average', 3000000, 'lakh', 0, NULL, NULL, NULL, NULL, NULL, 'N', 'Y', 'N', '2016-04-02 12:57:02', '2016-04-02 12:57:02'),
(510, 2, 10, 14, 96, 20, NULL, 'indirect', 'residential', 'Fast Deal', 'Saleem', '03244465240', '', '', '2023', 'sale', 2250, 'marla', 'average', 8500000, 'lakh', 0, NULL, NULL, NULL, NULL, NULL, 'N', 'Y', 'N', '2016-04-02 13:01:25', '2016-04-02 13:10:00'),
(511, 2, 10, 15, 124, 19, NULL, 'indirect', 'residential', 'Estate Lines', 'Ali Raza', '03213409277', '', '', '441', 'sale', 2250, 'marla', 'average', 6300000, 'lakh', 0, NULL, NULL, NULL, NULL, NULL, 'N', 'Y', 'N', '2016-04-02 13:01:41', '2016-04-02 13:01:41'),
(512, 2, 10, 14, 91, 20, NULL, 'indirect', 'residential', 'Fast Deal', 'Saleem', '03244465240', '', '', '1745', 'sale', 2250, 'marla', 'average', 7000000, 'lakh', 0, NULL, NULL, NULL, NULL, NULL, 'N', 'Y', 'N', '2016-04-02 13:03:11', '2016-04-02 13:06:42'),
(513, 2, 10, 14, 79, 19, NULL, 'indirect', 'residential', 'Darapur Estate', 'Rana Wakeel', '03004295971', '', '', '251', 'sale', 4500, 'kanal', 'average', 13800000, 'lakh', 0, NULL, NULL, NULL, NULL, NULL, 'N', 'Y', 'N', '2016-04-02 13:09:02', '2016-04-02 13:09:02'),
(514, 2, 10, 14, 86, 19, NULL, 'indirect', 'residential', 'Darapur Estate', 'Rana Wakeel', '03004295971', '', '', '1485', 'sale', 4500, 'kanal', 'average', 16000000, 'lakh', 0, NULL, NULL, NULL, NULL, NULL, 'N', 'Y', 'N', '2016-04-02 13:12:42', '2016-04-02 13:12:42'),
(515, 2, 10, 18, 113, 19, NULL, 'indirect', 'residential', 'Darapur Estate', 'Rana Wakeel', '03004295971', '', '', '1119', 'sale', 1125, 'marla', 'average', 5500000, 'lakh', 0, NULL, NULL, NULL, NULL, NULL, 'N', 'Y', 'N', '2016-04-02 13:15:37', '2016-04-02 13:15:37'),
(516, 2, 10, 13, 55, 19, NULL, 'indirect', 'residential', 'Sun Real Estate', 'M.Ajmeer', '03214451609', '', '', '529', 'sale', 4500, 'kanal', 'average', 19500000, 'lakh', 0, NULL, NULL, NULL, NULL, NULL, 'N', 'Y', 'N', '2016-04-02 13:22:07', '2016-04-02 13:22:07'),
(517, 2, 10, 14, 84, 20, NULL, 'indirect', 'residential', 'Fast Deal', 'Saleem', '03244465240', '', '', '1175', 'sale', 4500, 'kanal', 'average', 14800000, 'lakh', 0, NULL, NULL, NULL, NULL, NULL, 'N', 'Y', 'N', '2016-04-02 13:28:24', '2016-04-02 13:28:24'),
(518, 2, 10, 13, 68, 19, NULL, 'indirect', 'residential', 'Sun Real Estate', 'M.Ajmeer', '03214451609', '', '', '658', 'sale', 4500, 'kanal', 'average', 21500000, 'lakh', 0, NULL, NULL, NULL, NULL, NULL, 'N', 'Y', 'N', '2016-04-02 13:28:37', '2016-04-02 13:28:37'),
(519, 2, 10, 13, 72, 19, NULL, 'indirect', 'residential', 'Sun Real Estate', 'M.Ajmeer', '03214451609', '', '', '321', 'sale', 4500, 'kanal', 'average', 16500000, 'lakh', 0, NULL, NULL, NULL, NULL, NULL, 'N', 'Y', 'N', '2016-04-02 13:30:44', '2016-04-02 13:30:44'),
(520, 2, 10, 14, 83, 20, NULL, 'indirect', 'residential', 'Fast Deal', 'Saleem', '03244465240', '', '', '612', 'sale', 4500, 'kanal', 'average', 11800000, 'lakh', 0, NULL, NULL, NULL, NULL, NULL, 'N', 'Y', 'N', '2016-04-02 13:30:53', '2016-04-02 13:30:53'),
(521, 2, 10, 14, 82, 19, NULL, 'indirect', 'residential', 'Sun Real Estate', 'M.Ajmeer', '03214451609', '', '', '1585', 'sale', 450, 'marla', 'average', 22500000, 'lakh', 0, NULL, NULL, NULL, NULL, NULL, 'N', 'Y', 'N', '2016-04-02 13:33:00', '2016-04-02 13:33:00'),
(522, 2, 10, 13, 61, 19, NULL, 'indirect', 'residential', 'Sun Real Estate', 'M.Ajmeer', '03214451609', '', '', '855', 'sale', 2250, 'marla', 'average', 12000000, 'lakh', 0, NULL, NULL, NULL, NULL, NULL, 'N', 'Y', 'N', '2016-04-02 13:35:14', '2016-04-02 13:35:14'),
(523, 2, 10, 13, 61, 19, NULL, 'indirect', 'residential', 'Sun Real Estate', 'M.Ajmeer', '03214451609', '', '', '1155', 'sale', 4500, 'kanal', 'average', 16000000, 'lakh', 0, NULL, NULL, NULL, NULL, NULL, 'N', 'Y', 'N', '2016-04-02 13:36:52', '2016-04-02 13:36:52'),
(524, 2, 10, 14, 82, 20, NULL, 'indirect', 'residential', 'Fast Deal', 'Saleem', '03244465240', '', '', '1962', 'sale', 4500, 'kanal', 'average', 9100000, 'lakh', 0, NULL, NULL, NULL, NULL, NULL, 'N', 'Y', 'N', '2016-04-02 13:39:25', '2016-04-02 14:02:56'),
(525, 2, 10, 15, 95, 19, NULL, 'indirect', 'residential', 'Ali Chughtai', 'Ali Chughtai', '03204446662', '', '', '35', 'sale', 9000, 'kanal', 'average', 46000000, 'lakh', 0, NULL, NULL, NULL, NULL, NULL, 'N', 'Y', 'N', '2016-04-02 13:42:47', '2016-04-02 13:42:47'),
(526, 2, 10, 16, 101, 20, NULL, 'indirect', 'residential', 'Fast Deal', 'Abu bakar', '03008432112', '', '', '39', 'sale', 9000, 'kanal', 'average', 30000000, 'lakh', 0, NULL, NULL, NULL, NULL, NULL, 'N', 'Y', 'N', '2016-04-02 13:44:52', '2016-04-02 13:44:52'),
(527, 2, 10, 16, 99, 20, NULL, 'indirect', 'commercial', 'Fast Deal', 'Abu bakar', '03008432112', '', '', '15', 'sale', 900, 'marla', 'average', 19000000, 'lakh', 0, NULL, NULL, NULL, NULL, NULL, 'N', 'Y', 'N', '2016-04-02 13:48:14', '2016-04-02 13:48:14'),
(528, 2, 10, 14, 82, 20, NULL, 'indirect', 'residential', 'Fast Deal', 'Saleem', '03244465240', '', '', '526', 'sale', 4500, 'kanal', 'average', 12200000, 'lakh', 0, NULL, NULL, NULL, NULL, NULL, 'N', 'Y', 'N', '2016-04-02 14:05:06', '2016-04-02 14:05:06'),
(529, 2, 10, 14, 86, 20, NULL, 'indirect', 'residential', 'Fast Deal', 'Saleem', '03244465240', '', '', '2426', 'sale', 4500, 'kanal', 'average', 9200000, 'lakh', 0, NULL, NULL, NULL, NULL, NULL, 'N', 'Y', 'N', '2016-04-02 14:06:40', '2016-04-02 14:06:40'),
(530, 2, 10, 14, 82, 20, NULL, 'indirect', 'residential', 'Fast Deal', 'Saleem', '03244465240', '', '', '1926', 'sale', 4500, 'kanal', 'average', 9200000, 'lakh', 0, NULL, NULL, NULL, NULL, NULL, 'N', 'Y', 'N', '2016-04-02 14:10:36', '2016-04-02 14:10:36'),
(531, 2, 10, 14, 81, 20, NULL, 'indirect', 'residential', 'Fast Deal', 'Saleem', '03244465240', '', '', '10', 'sale', 4500, 'kanal', 'average', 14500000, 'lakh', 0, NULL, NULL, NULL, NULL, NULL, 'N', 'Y', 'N', '2016-04-02 14:11:44', '2016-04-02 14:11:44'),
(532, 2, 10, 15, 92, 19, NULL, 'indirect', 'residential', 'Ali Chughtai Estate', 'Ali Chughtai', '03204446662', '', '', '28', 'sale', 4500, 'kanal', 'average', 18500000, 'lakh', 0, NULL, NULL, NULL, NULL, NULL, 'N', 'Y', 'N', '2016-04-02 14:12:42', '2016-04-02 14:12:42'),
(533, 2, 10, 15, 93, 19, NULL, 'indirect', 'residential', 'Ali Chughtai Estate', 'Ali Chughtai', '03204446662', '', '', '894', 'sale', 4500, 'kanal', 'average', 16500000, 'lakh', 0, NULL, NULL, NULL, NULL, NULL, 'N', 'Y', 'N', '2016-04-02 14:15:35', '2016-04-02 14:15:35'),
(534, 2, 10, 22, 137, 20, NULL, 'indirect', 'residential', 'Mellat Estate', 'Mushtaq', '03219493924', '', '', '71', 'sale', 4500, 'kanal', 'average', 9500000, 'lakh', 0, NULL, NULL, NULL, NULL, NULL, 'N', 'Y', 'N', '2016-04-02 14:16:00', '2016-04-02 14:16:00'),
(535, 2, 10, 22, 150, 20, NULL, 'indirect', 'residential', 'Mellat Estate', 'Mushtaq', '03244465240', '', '', '1308', 'sale', 1125, 'marla', 'average', 3300000, 'lakh', 0, NULL, NULL, NULL, NULL, NULL, 'N', 'Y', 'N', '2016-04-02 14:17:50', '2016-04-02 14:17:50'),
(536, 2, 10, 13, 70, 19, NULL, 'indirect', 'residential', 'Ali Chughtai Estate', 'Ali Chughtai', '03204446662', '', '', '364', 'sale', 4500, 'kanal', 'average', 17000000, 'lakh', 0, NULL, NULL, NULL, NULL, NULL, 'N', 'Y', 'N', '2016-04-02 14:19:21', '2016-04-02 14:19:21'),
(537, 2, 10, 19, 118, 20, NULL, 'indirect', 'residential', 'National Estate', 'M Iqbal', '03218343111', '', '', '688', 'sale', 2250, 'marla', 'average', 7700000, 'lakh', 0, NULL, NULL, NULL, NULL, NULL, 'N', 'Y', 'N', '2016-04-02 14:26:44', '2016-04-02 14:26:44'),
(538, 2, 10, 14, 81, 19, NULL, 'indirect', 'residential', 'Ali Chughtai Estate', 'Ali Chughtai', '03204446662', '', '', '1237', 'sale', 4500, 'kanal', 'average', 9500000, 'lakh', 0, NULL, NULL, NULL, NULL, NULL, 'N', 'Y', 'N', '2016-04-02 14:27:07', '2016-04-02 14:27:07'),
(539, 2, 10, 14, 84, 19, NULL, 'indirect', 'residential', 'Ali Chughtai Estate', 'Ali Chughtai', '03204446662', '', '', '125', 'sale', 4500, 'kanal', 'average', 12500000, 'lakh', 0, NULL, NULL, NULL, NULL, NULL, 'N', 'Y', 'N', '2016-04-02 14:28:17', '2016-04-02 14:28:17'),
(540, 2, 10, 19, 120, 20, NULL, 'indirect', 'residential', 'National Estate', 'M Iqbal', '03218343111', '', '', '150', 'sale', 2475, 'marla', 'average', 7700000, 'lakh', 0, NULL, NULL, NULL, NULL, NULL, 'N', 'Y', 'N', '2016-04-02 14:29:03', '2016-04-02 14:29:03'),
(541, 2, 10, 19, 120, 20, NULL, 'indirect', 'residential', 'National Estate', 'M Iqbal', '03218343111', '', '', '136.137 pair', 'sale', 2250, 'marla', 'average', 14500000, 'lakh', 0, NULL, NULL, NULL, NULL, NULL, 'N', 'Y', 'N', '2016-04-02 14:35:33', '2016-04-02 14:35:33'),
(542, 2, 10, 19, 120, 20, NULL, 'indirect', 'residential', 'National Estate', 'M Iqbal', '03218343111', '', '', '189', 'sale', 2250, 'marla', 'average', 7000000, 'lakh', 0, NULL, NULL, NULL, NULL, NULL, 'N', 'Y', 'N', '2016-04-02 14:38:13', '2016-04-02 14:38:13'),
(543, 2, 10, 14, 86, 19, NULL, 'indirect', 'residential', 'Rightmore Estate', 'Farhan', '03204670006', '', '', '4410', 'sale', 9000, 'kanal', 'average', 22500000, 'lakh', 0, NULL, NULL, NULL, NULL, NULL, 'N', 'Y', 'N', '2016-04-02 14:39:21', '2016-04-02 14:39:21'),
(544, 2, 10, 19, 118, 20, NULL, 'indirect', 'residential', 'National Estate', 'M Iqbal', '03218343111', '', '', '280', 'sale', 7200, 'marla', 'average', 25000000, 'lakh', 0, NULL, NULL, NULL, NULL, NULL, 'N', 'Y', 'N', '2016-04-02 14:39:48', '2016-04-02 14:39:48'),
(545, 2, 10, 19, 120, 20, NULL, 'indirect', 'residential', 'National Estate', 'M Iqbal', '03218343111', '', '', '289', 'sale', 4500, 'kanal', 'average', 11800000, 'lakh', 0, NULL, NULL, NULL, NULL, NULL, 'N', 'Y', 'N', '2016-04-02 14:41:33', '2016-04-02 14:41:33'),
(546, 2, 10, 19, 120, 20, NULL, 'indirect', 'residential', 'National Estate', 'M Iqbal', '03218343111', '', '', '101', 'sale', 4500, 'kanal', 'corner', 12500000, 'lakh', 0, NULL, NULL, NULL, NULL, NULL, 'N', 'Y', 'N', '2016-04-02 14:43:06', '2016-04-02 14:43:06'),
(547, 2, 10, 14, 86, 19, NULL, 'indirect', 'residential', 'Rightmove Estate', 'Farhan', '03204670006', '', '', '1937', 'sale', 4500, 'kanal', 'average', 9000000, 'lakh', 0, NULL, NULL, NULL, NULL, NULL, 'N', 'Y', 'N', '2016-04-02 14:43:54', '2016-04-02 14:43:54'),
(548, 2, 10, 19, 120, 20, NULL, 'indirect', 'residential', 'National Estate', 'M Iqbal', '03218343111', '', '', '5051', 'sale', 5175, 'marla', 'average', 13000000, 'lakh', 0, NULL, NULL, NULL, NULL, NULL, 'N', 'Y', 'N', '2016-04-02 14:44:29', '2016-04-02 14:44:29'),
(549, 2, 10, 15, 126, 20, NULL, 'indirect', 'residential', 'Military Estate', 'balal', '03224542956', '', '', '603', 'sale', 2250, 'marla', 'average', 6400000, 'lakh', 0, NULL, NULL, NULL, NULL, NULL, 'N', 'Y', 'N', '2016-04-02 14:46:47', '2016-04-02 14:46:47'),
(550, 2, 10, 15, 124, 20, NULL, 'indirect', 'residential', 'Military Estate', 'balal', '03224542956', '', '', '28', 'sale', 4500, 'kanal', 'average', 10500000, 'lakh', 0, NULL, NULL, NULL, NULL, NULL, 'N', 'Y', 'N', '2016-04-02 14:48:53', '2016-04-02 14:48:53'),
(551, 2, 10, 15, 124, 20, NULL, 'indirect', 'residential', 'National Estate', 'M Iqbal', '03224542956', '', '', '165', 'sale', 2250, 'marla', 'average', 6300000, 'lakh', 0, NULL, NULL, NULL, NULL, NULL, 'N', 'Y', 'N', '2016-04-02 14:51:16', '2016-04-02 14:51:16'),
(552, 2, 10, 13, 63, 19, NULL, 'indirect', 'residential', 'Rightmove Estate', 'Farhan', '03204670006', '', '', '628', 'sale', 4500, 'kanal', 'average', 16000000, 'lakh', 0, NULL, NULL, NULL, NULL, NULL, 'N', 'Y', 'N', '2016-04-02 14:51:26', '2016-04-02 14:51:26'),
(553, 2, 10, 14, 81, 20, NULL, 'indirect', 'residential', 'Military Estate', 'Sujat', '03219411182', '', '', '369', 'sale', 4500, 'kanal', 'average', 12000000, 'lakh', 0, NULL, NULL, NULL, NULL, NULL, 'N', 'Y', 'N', '2016-04-02 14:58:00', '2016-04-02 14:58:00'),
(554, 2, 10, 18, 113, 19, NULL, 'indirect', 'residential', 'Investors .in', 'Ishtiq C.h', '03214461336', '', '', '675', 'sale', 1125, 'marla', 'average', 5800000, 'lakh', 0, NULL, NULL, NULL, NULL, NULL, 'N', 'Y', 'N', '2016-04-02 14:58:08', '2016-04-02 14:58:08'),
(555, 2, 10, 18, 114, 19, NULL, 'indirect', 'residential', 'Investors .in', 'Ishtiq C.h', '03214461336', '', '', '2098', 'sale', 1125, 'marla', 'average', 5800000, 'lakh', 0, NULL, NULL, NULL, NULL, NULL, 'N', 'Y', 'N', '2016-04-02 14:59:26', '2016-04-02 14:59:26'),
(556, 2, 10, 14, 86, 20, NULL, 'indirect', 'residential', 'Military Estate', 'Sujat', '03219411182', '', '', '300', 'sale', 4500, 'kanal', 'average', 12500000, 'lakh', 0, NULL, NULL, NULL, NULL, NULL, 'N', 'Y', 'N', '2016-04-02 14:59:33', '2016-04-02 14:59:33'),
(557, 2, 10, 18, 114, 19, NULL, 'indirect', 'residential', 'Investors .in', 'Ishtiq C.h', '03214461336', '', '', '510', 'sale', 1125, 'marla', 'average', 5800000, 'lakh', 0, NULL, NULL, NULL, NULL, NULL, 'N', 'Y', 'N', '2016-04-02 15:01:09', '2016-04-02 15:01:09'),
(558, 2, 10, 14, 79, 20, NULL, 'indirect', 'residential', 'Military Estate', 'Sujat', '03219411182', '', '', '805', 'sale', 4500, 'kanal', 'average', 17000000, 'lakh', 0, NULL, NULL, NULL, NULL, NULL, 'N', 'Y', 'N', '2016-04-02 15:01:11', '2016-04-02 15:01:11'),
(559, 2, 10, 18, 115, 19, NULL, 'indirect', 'residential', 'Investors .in', 'Ishtiq C.h', '03214461336', '', '', '1243', 'sale', 1125, 'marla', 'average', 5300000, 'lakh', 0, NULL, NULL, NULL, NULL, NULL, 'N', 'Y', 'N', '2016-04-02 15:14:22', '2016-04-02 15:14:22'),
(560, 2, 10, 12, 54, 19, NULL, 'indirect', 'residential', 'Deal Inn', 'Rizwan', '03228818704', '', '', '497', 'sale', 4500, 'kanal', 'average', 27500000, 'lakh', 0, NULL, NULL, NULL, NULL, NULL, 'N', 'Y', 'N', '2016-04-02 15:46:41', '2016-04-02 15:46:41'),
(561, 2, 10, 14, 81, 20, NULL, 'indirect', 'residential', 'Military Estate', 'Shujat', '03219411182', '', '', '160', 'sale', 4500, 'kanal', 'average', 12300000, 'lakh', 0, NULL, NULL, NULL, NULL, NULL, 'N', 'Y', 'N', '2016-04-02 15:48:47', '2016-04-02 15:48:47'),
(562, 2, 10, 13, 61, 19, NULL, 'indirect', 'residential', 'AAjid Estate', 'AAjid Hussain', '03214588886', '', '', '1155', 'sale', 4500, 'kanal', 'average', 16000000, 'lakh', 0, NULL, NULL, NULL, NULL, NULL, 'N', 'Y', 'N', '2016-04-02 15:50:06', '2016-04-02 15:50:06'),
(563, 2, 10, 13, 72, 19, NULL, 'indirect', 'residential', 'AAjid Estate', 'AAjid Hussain', '03214588886', '', '', '1084', 'sale', 4500, 'kanal', 'average', 15800000, 'lakh', 0, NULL, NULL, NULL, NULL, NULL, 'N', 'Y', 'N', '2016-04-02 15:51:23', '2016-04-02 15:51:23'),
(564, 2, 10, 14, 81, 20, NULL, 'indirect', 'residential', 'Military Estate', 'Shujat', '03219411182', '', '', '635', 'sale', 4500, 'kanal', 'average', 12000000, 'lakh', 0, NULL, NULL, NULL, NULL, NULL, 'N', 'Y', 'N', '2016-04-02 15:51:28', '2016-04-02 15:51:28'),
(565, 2, 10, 13, 70, 19, NULL, 'indirect', 'residential', 'AAjid Estate', 'AAjid Hussain', '03214588886', '', '', '67', 'sale', 4500, 'kanal', 'average', 19000000, 'lakh', 0, NULL, NULL, NULL, NULL, NULL, 'N', 'Y', 'N', '2016-04-02 15:53:37', '2016-04-02 15:53:37'),
(566, 2, 10, 14, 86, 19, NULL, 'indirect', 'residential', 'AAjid Estate', 'AAjid Hussain', '03214588886', '', '', '1579', 'sale', 4500, 'kanal', 'average', 13000000, 'lakh', 0, NULL, NULL, NULL, NULL, NULL, 'N', 'Y', 'N', '2016-04-02 15:55:53', '2016-04-02 15:55:53'),
(567, 2, 10, 13, 61, 20, NULL, 'indirect', 'residential', 'Defense Estate', 'Daryab', '03212227555', '', '', '128', 'sale', 4500, 'kanal', 'average', 200000000, 'lakh', 0, NULL, NULL, NULL, NULL, NULL, 'N', 'Y', 'N', '2016-04-02 15:57:22', '2016-04-02 15:57:22'),
(568, 2, 10, 14, 86, 19, NULL, 'indirect', 'residential', 'AAjid Estate', 'AAjid Hussain', '03214588886', '', '', '3165', 'sale', 4500, 'kanal', 'average', 10500000, 'lakh', 0, NULL, NULL, NULL, NULL, NULL, 'N', 'Y', 'N', '2016-04-02 15:57:47', '2016-04-02 15:57:47'),
(569, 2, 10, 22, 137, 19, NULL, 'indirect', 'residential', 'Green Wood Estate', 'Inam', '03234808903', '', '', '1021', 'sale', 4500, 'kanal', 'average', 7700000, 'lakh', 0, NULL, NULL, NULL, NULL, NULL, 'N', 'Y', 'N', '2016-04-02 16:02:46', '2016-04-02 16:02:46'),
(570, 2, 10, 13, 72, 20, NULL, 'indirect', 'residential', 'Defense Estate', 'Daryab', '03212227555', '', '', '1223/1', 'sale', 4500, 'kanal', 'average', 11000000, 'lakh', 0, NULL, NULL, NULL, NULL, NULL, 'N', 'Y', 'N', '2016-04-02 16:02:47', '2016-04-02 16:02:47'),
(571, 2, 10, 22, 132, 19, NULL, 'indirect', 'residential', 'Green Wood Estate', 'Inam', '03234808903', '', '', '1288', 'sale', 4500, 'kanal', 'average', 8500000, 'lakh', 0, NULL, NULL, NULL, NULL, NULL, 'N', 'Y', 'N', '2016-04-02 16:04:48', '2016-04-02 16:04:48'),
(572, 2, 10, 13, 70, 20, NULL, 'indirect', 'residential', 'Defense Estate', 'Daryab', '03212227555', '', '', '446', 'sale', 4500, 'kanal', 'average', 16500000, 'lakh', 0, NULL, NULL, NULL, NULL, NULL, 'N', 'Y', 'N', '2016-04-02 16:05:29', '2016-04-02 16:05:29'),
(573, 2, 10, 22, 139, 19, NULL, 'indirect', 'residential', 'Green Wood Estate', 'Inam', '03234808903', '', '', '767', 'sale', 4500, 'kanal', 'average', 7800000, 'lakh', 0, NULL, NULL, NULL, NULL, NULL, 'N', 'Y', 'N', '2016-04-02 16:06:33', '2016-04-02 16:06:33'),
(574, 2, 10, 14, 78, 20, NULL, 'indirect', 'residential', 'Capital Estate', 'Awas', '03214988808', '', '', '144', 'sale', 4500, 'kanal', 'average', 13000000, 'lakh', 0, NULL, NULL, NULL, NULL, NULL, 'N', 'Y', 'N', '2016-04-02 16:08:28', '2016-04-02 16:08:28'),
(575, 2, 10, 22, 139, 19, NULL, 'indirect', 'residential', 'Green Wood Estate', 'Inam', '03234808903', '', '', '434', 'sale', 4500, 'kanal', 'average', 6900000, 'lakh', 0, NULL, NULL, NULL, NULL, NULL, 'N', 'Y', 'N', '2016-04-02 16:08:42', '2016-04-02 16:08:42'),
(576, 2, 10, 14, 82, 20, NULL, 'indirect', 'residential', 'Capital Estate', 'Awas', '03214988808', '', '', '1093', 'sale', 4500, 'kanal', 'average', 9600000, 'lakh', 0, NULL, NULL, NULL, NULL, NULL, 'N', 'Y', 'N', '2016-04-02 16:12:04', '2016-04-02 16:12:04'),
(577, 2, 10, 22, 131, 19, NULL, 'indirect', 'residential', 'Green Wood Estate', 'Inam', '03234808903', '', '', '464', 'sale', 4500, 'kanal', 'average', 8200000, 'lakh', 0, NULL, NULL, NULL, NULL, NULL, 'N', 'Y', 'N', '2016-04-02 16:12:06', '2016-04-02 16:12:06'),
(578, 2, 10, 14, 82, 20, NULL, 'indirect', 'residential', 'Capital Estate', 'Awas', '03214988808', '', '', '1093', 'sale', 4500, 'kanal', 'average', 9600000, 'lakh', 0, NULL, NULL, NULL, NULL, NULL, 'N', 'Y', 'N', '2016-04-02 16:12:23', '2016-04-02 16:12:23'),
(579, 2, 10, 14, 86, 20, NULL, 'indirect', 'residential', 'Capital Estate', 'Awas', '03214988808', '', '', '1276.1277 pair', 'sale', 4500, 'kanal', 'average', 23500000, 'lakh', 0, NULL, NULL, NULL, NULL, NULL, 'N', 'Y', 'N', '2016-04-02 16:15:22', '2016-04-02 16:15:22'),
(580, 2, 10, 19, 118, 19, NULL, 'indirect', 'residential', 'National Estate', 'M.Iqbal', '03218343111', '', '', '280', 'sale', 7200, 'marla', 'average', 25000000, 'lakh', 0, NULL, NULL, NULL, NULL, NULL, 'N', 'Y', 'N', '2016-04-02 16:17:57', '2016-04-02 16:17:57'),
(581, 2, 10, 14, 86, 20, NULL, 'indirect', 'residential', 'Defense Estate', 'Shafiq', '03218811251', '', '', '4368', 'sale', 4500, 'kanal', 'average', 10000000, 'lakh', 0, NULL, NULL, NULL, NULL, NULL, 'N', 'Y', 'N', '2016-04-02 16:18:26', '2016-04-02 16:18:26'),
(582, 2, 10, 22, 150, 19, NULL, 'indirect', 'residential', 'Estate Mettess', 'M.Umer', '03222770077', '', '', '1608', 'sale', 1125, 'marla', 'average', 3700000, 'lakh', 0, NULL, NULL, NULL, NULL, NULL, 'N', 'Y', 'N', '2016-04-02 16:19:42', '2016-04-02 16:19:42'),
(583, 2, 10, 14, 82, 20, NULL, 'indirect', 'residential', 'Defense Estate', 'Shafiq', '03218811251', '', '', '833', 'sale', 4500, 'kanal', 'average', 11500000, 'lakh', 0, NULL, NULL, NULL, NULL, NULL, 'N', 'Y', 'N', '2016-04-02 16:20:14', '2016-04-02 16:20:14'),
(584, 2, 10, 22, 150, 19, NULL, 'indirect', 'residential', 'Estate Mettess', 'M.Umer', '03222770077', '', '', '2453', 'sale', 1125, 'marla', 'average', 3900000, 'lakh', 0, NULL, NULL, NULL, NULL, NULL, 'N', 'Y', 'N', '2016-04-02 16:21:09', '2016-04-02 16:21:09'),
(585, 2, 10, 14, 86, 20, NULL, 'indirect', 'residential', 'Defense Estate', 'Shafiq', '03218811251', '', '', '2884', 'sale', 4500, 'kanal', 'average', 10500000, 'lakh', 0, NULL, NULL, NULL, NULL, NULL, 'N', 'Y', 'N', '2016-04-02 16:21:58', '2016-04-02 16:21:58'),
(586, 2, 10, 22, 150, 19, NULL, 'indirect', 'residential', 'Estate Mettess', 'M.Umer', '03222770077', '', '', '2568', 'sale', 1125, 'marla', 'average', 4400000, 'lakh', 0, NULL, NULL, NULL, NULL, NULL, 'N', 'Y', 'N', '2016-04-02 16:22:38', '2016-04-02 16:22:38'),
(587, 2, 10, 14, 83, 20, NULL, 'indirect', 'residential', 'Defense Estate', 'Shafiq', '03218811251', '', '', '1002', 'sale', 4500, 'kanal', 'average', 10200000, 'lakh', 0, NULL, NULL, NULL, NULL, NULL, 'N', 'Y', 'N', '2016-04-02 16:23:17', '2016-04-02 16:23:17'),
(588, 2, 10, 22, 139, 19, NULL, 'indirect', 'residential', 'Estate Mettess', 'M.Umer', '03222770077', '', '', '2018', 'sale', 1125, 'marla', 'average', 3200000, 'lakh', 0, NULL, NULL, NULL, NULL, NULL, 'N', 'Y', 'N', '2016-04-02 16:24:21', '2016-04-02 16:24:21'),
(589, 2, 10, 14, 79, 20, NULL, 'indirect', 'residential', 'Skyy Estate', 'Badar', '03215735550', '', '', '631', 'sale', 4500, 'kanal', 'average', 14500000, 'lakh', 0, NULL, NULL, NULL, NULL, NULL, 'N', 'Y', 'N', '2016-04-02 16:25:57', '2016-04-02 16:25:57'),
(590, 2, 10, 14, 86, 19, NULL, 'indirect', 'residential', 'Estate Mettess', 'M.Umer', '03222770077', '', '', '943', 'sale', 4500, 'kanal', 'average', 11600000, 'lakh', 0, NULL, NULL, NULL, NULL, NULL, 'N', 'Y', 'N', '2016-04-02 16:26:05', '2016-04-02 16:26:05'),
(591, 2, 10, 14, 86, 20, NULL, 'indirect', 'residential', 'Skyy Estate', 'Badar', '03215735550', '', '', '643', 'sale', 4500, 'kanal', 'average', 11600000, 'lakh', 0, NULL, NULL, NULL, NULL, NULL, 'N', 'Y', 'N', '2016-04-02 16:27:35', '2016-04-02 16:27:35'),
(592, 2, 10, 22, 139, 19, NULL, 'indirect', 'residential', 'Hassan Estate', 'M.Parvaz', '03004744667', '', '', '136', 'sale', 2250, 'marla', 'average', 5000000, 'lakh', 0, NULL, NULL, NULL, NULL, NULL, 'N', 'Y', 'N', '2016-04-02 16:27:55', '2016-04-02 16:27:55'),
(593, 2, 10, 22, 144, 19, NULL, 'indirect', 'residential', 'Hassan Estate', 'M.Parvaz', '03004744667', '', '', '686', 'sale', 4500, 'kanal', 'average', 9000000, 'lakh', 0, NULL, NULL, NULL, NULL, NULL, 'N', 'Y', 'N', '2016-04-02 16:29:12', '2016-04-02 16:29:12'),
(594, 2, 10, 14, 83, 20, NULL, 'indirect', 'residential', 'Skyy Estate', 'Badar', '03215735550', '', '', '1083', 'sale', 4500, 'kanal', 'average', 12400000, 'lakh', 0, NULL, NULL, NULL, NULL, NULL, 'N', 'Y', 'N', '2016-04-02 16:29:15', '2016-04-02 16:29:26'),
(595, 2, 10, 14, 81, 20, NULL, 'indirect', 'residential', 'Skyy Estate', 'Badar', '03215735550', '', '', '1053', 'sale', 4500, 'kanal', 'average', 10200000, 'lakh', 0, NULL, NULL, NULL, NULL, NULL, 'N', 'Y', 'N', '2016-04-02 16:30:57', '2016-04-02 16:30:57'),
(596, 2, 10, 14, 81, 20, NULL, 'indirect', 'residential', 'Skyy Estate', 'Badar', '03215735550', '', '', '789', 'sale', 4500, 'kanal', 'average', 11000000, 'lakh', 0, NULL, NULL, NULL, NULL, NULL, 'N', 'Y', 'N', '2016-04-02 16:32:30', '2016-04-02 16:32:30');
INSERT INTO `properties` (`id`, `category_id`, `city_id`, `society_id`, `block_id`, `user_id`, `title`, `type`, `group`, `estate_name`, `contact_person`, `mobile`, `phone`, `address`, `property_no`, `purpose`, `size`, `size_unit`, `location`, `price`, `price_unit`, `price_converted`, `picture`, `detail`, `house_type`, `bedrooms`, `features`, `share_contact_info`, `share_property`, `sold`, `created_at`, `updated_at`) VALUES
(597, 2, 10, 15, 91, 20, NULL, 'indirect', 'residential', 'Defense Estate', 'Rizwan', '03214880040', '', '', '857', 'sale', 4500, 'kanal', 'average', 18500000, 'lakh', 0, NULL, NULL, NULL, NULL, NULL, 'N', 'Y', 'N', '2016-04-02 16:37:28', '2016-04-02 16:37:28'),
(598, 2, 10, 14, 85, 20, NULL, 'indirect', 'residential', 'Defense Estate', 'Rizwan', '03214880040', '', '', '875', 'sale', 4500, 'kanal', 'average', 17500000, 'lakh', 0, NULL, NULL, NULL, NULL, NULL, 'N', 'Y', 'N', '2016-04-02 16:39:17', '2016-04-02 16:39:17'),
(599, 2, 10, 22, 132, 20, NULL, 'indirect', 'residential', 'Concept Estate', 'Sattar', '03211486176', '', '', '359', 'sale', 4500, 'kanal', 'average', 11800000, 'lakh', 0, NULL, NULL, NULL, NULL, NULL, 'N', 'Y', 'N', '2016-04-02 16:42:38', '2016-04-02 16:42:50'),
(600, 2, 10, 22, 130, 20, NULL, 'indirect', 'residential', 'Concept Estate', 'Sattar', '03211486176', '', '', '1018', 'sale', 4500, 'kanal', 'average', 10500000, 'lakh', 0, NULL, NULL, NULL, NULL, NULL, 'N', 'Y', 'N', '2016-04-02 16:44:34', '2016-04-02 16:44:34'),
(601, 2, 10, 22, 139, 20, NULL, 'indirect', 'residential', 'Concept Estate', 'Sattar', '03211486176', '', '', '1214', 'sale', 1125, 'marla', 'average', 3300000, 'lakh', 0, NULL, NULL, NULL, NULL, NULL, 'N', 'Y', 'N', '2016-04-02 16:46:47', '2016-04-02 16:46:47'),
(602, 2, 10, 22, 141, 20, NULL, 'indirect', 'residential', 'Concept Estate', 'Sattar', '03211486176', '', '', '313', 'sale', 4500, 'kanal', 'average', 8800000, 'lakh', 0, NULL, NULL, NULL, NULL, NULL, 'N', 'Y', 'N', '2016-04-02 16:48:33', '2016-04-02 16:48:33'),
(603, 2, 10, 22, 135, 20, NULL, 'indirect', 'residential', 'Concept Estate', 'Sattar', '03211486176', '', '', '376.377 pair', 'sale', 4500, 'kanal', 'average', 20000000, 'lakh', 0, NULL, NULL, NULL, NULL, NULL, 'N', 'Y', 'N', '2016-04-02 16:52:23', '2016-04-02 16:52:23'),
(604, 2, 10, 22, 138, 20, NULL, 'indirect', 'residential', 'Concept Estate', 'Sattar', '03211486176', '', '', '2365', 'sale', 1125, 'marla', 'average', 3000000, 'lakh', 0, NULL, NULL, NULL, NULL, NULL, 'N', 'Y', 'N', '2016-04-02 16:54:22', '2016-04-02 16:54:22'),
(605, 2, 10, 13, 62, 20, NULL, 'indirect', 'residential', 'Askare Estate', 'Asad', '03214709306', '', '', '1208', 'sale', 1125, 'marla', 'average', 6200000, 'lakh', 0, NULL, NULL, NULL, NULL, NULL, 'N', 'Y', 'N', '2016-04-02 17:03:16', '2016-04-02 17:03:16'),
(606, 2, 10, 13, 62, 20, NULL, 'indirect', 'residential', 'Askare Estate', 'Asad', '03214709306', '', '', '1197', 'sale', 1125, 'marla', 'average', 6200000, 'lakh', 0, NULL, NULL, NULL, NULL, NULL, 'N', 'Y', 'N', '2016-04-02 17:06:16', '2016-04-02 17:06:16'),
(607, 2, 10, 13, 70, 20, NULL, 'indirect', 'residential', 'Chaudary Estate', 'M Ali', '03218834555', '', '', '468', 'sale', 4500, 'kanal', 'average', 15000000, 'lakh', 0, NULL, NULL, NULL, NULL, NULL, 'N', 'Y', 'N', '2016-04-02 17:13:47', '2016-04-02 17:13:47'),
(608, 2, 10, 13, 70, 20, NULL, 'indirect', 'residential', 'Chaudary Estate', 'M Ali', '03218834555', '', '', '26', 'sale', 4500, 'kanal', 'average', 17800000, 'lakh', 0, NULL, NULL, NULL, NULL, NULL, 'N', 'Y', 'N', '2016-04-02 17:15:38', '2016-04-02 17:15:38'),
(609, 2, 10, 13, 57, 20, NULL, 'indirect', 'residential', 'Chaudary Estate', 'M Ali', '03218834555', '', '', '148.149 pair', 'sale', 4500, 'kanal', 'average', 51500000, 'lakh', 0, NULL, NULL, NULL, NULL, NULL, 'N', 'Y', 'N', '2016-04-02 17:19:10', '2016-04-02 17:19:10'),
(610, 2, 10, 13, 66, 20, NULL, 'indirect', 'residential', 'Chaudary Estate', 'M Ali', '03218834555', '', '', '361', 'sale', 4500, 'kanal', 'average', 24000000, 'lakh', 0, NULL, NULL, NULL, NULL, NULL, 'N', 'Y', 'N', '2016-04-02 17:21:59', '2016-04-02 17:21:59'),
(611, 2, 10, 13, 62, 20, NULL, 'indirect', 'residential', 'Chaudary Estate', 'M Ali', '03218834555', '', '', '1485', 'sale', 1125, 'marla', 'average', 6000000, 'lakh', 0, NULL, NULL, NULL, NULL, NULL, 'N', 'Y', 'N', '2016-04-02 23:34:30', '2016-04-02 23:34:30'),
(612, 2, 10, 13, 58, 20, NULL, 'indirect', 'residential', 'Chaudary Estate', 'M Ali', '03218834555', '', '', '4', 'sale', 4500, 'kanal', 'average', 18500000, 'lakh', 0, NULL, NULL, NULL, NULL, NULL, 'N', 'Y', 'N', '2016-04-02 23:40:57', '2016-04-02 23:40:57'),
(613, 2, 10, 13, 61, 20, NULL, 'indirect', 'residential', 'Chaudary Estate', 'M Ali', '03218834555', '', '', '1065', 'sale', 4500, 'kanal', 'average', 16500000, 'lakh', 0, NULL, NULL, NULL, NULL, NULL, 'N', 'Y', 'N', '2016-04-02 23:42:46', '2016-04-02 23:42:46'),
(614, 2, 10, 13, 61, 20, NULL, 'indirect', 'residential', 'Chaudary Estate', 'M Ali', '03218834555', '', '', '625/2', 'sale', 4500, 'kanal', 'average', 18000000, 'lakh', 0, NULL, NULL, NULL, NULL, NULL, 'N', 'Y', 'N', '2016-04-02 23:44:42', '2016-04-02 23:44:42'),
(615, 2, 10, 13, 72, 20, NULL, 'indirect', 'residential', 'Chaudary Estate', 'M Ali', '03218834555', '', '', '1136', 'sale', 4500, 'kanal', 'average', 10700000, 'lakh', 0, NULL, NULL, NULL, NULL, NULL, 'N', 'Y', 'N', '2016-04-02 23:46:29', '2016-04-02 23:46:29'),
(616, 2, 10, 13, 69, 20, NULL, 'indirect', 'residential', 'Chaudary Estate', 'M Ali', '03218834555', '', '', '690/4', 'sale', 4500, 'kanal', 'average', 16700000, 'lakh', 0, NULL, NULL, NULL, NULL, NULL, 'N', 'Y', 'N', '2016-04-02 23:48:37', '2016-04-02 23:48:37'),
(617, 2, 10, 13, 69, 20, NULL, 'indirect', 'residential', 'Chaudary Estate', 'M Ali', '03218834555', '', '', '1257', 'sale', 4500, 'kanal', 'average', 17400000, 'lakh', 0, NULL, NULL, NULL, NULL, NULL, 'N', 'Y', 'N', '2016-04-02 23:49:00', '2016-04-02 23:54:17'),
(618, 2, 10, 13, 68, 20, NULL, 'indirect', 'residential', 'Chaudary Estate', 'M Ali', '03218834555', '', '', '264', 'sale', 4500, 'kanal', 'average', 21000000, 'lakh', 0, NULL, NULL, NULL, NULL, NULL, 'N', 'Y', 'N', '2016-04-02 23:56:46', '2016-04-02 23:56:46'),
(619, 2, 10, 13, 62, 20, NULL, 'indirect', 'residential', 'Chaudary Estate', 'M Ali', '03218834555', '', '', '10', 'sale', 9000, 'kanal', 'average', 40000000, 'lakh', 0, NULL, NULL, NULL, NULL, NULL, 'N', 'Y', 'N', '2016-04-02 23:58:13', '2016-04-02 23:58:13'),
(620, 2, 10, 13, 63, 20, NULL, 'indirect', 'residential', 'Chaudary Estate', 'M Ali', '03218834555', '', '', '315', 'sale', 4500, 'kanal', 'average', 18500000, 'lakh', 0, NULL, NULL, NULL, NULL, NULL, 'N', 'Y', 'N', '2016-04-02 23:59:54', '2016-04-02 23:59:54'),
(621, 2, 10, 14, 86, 20, NULL, 'indirect', 'residential', 'Chaudary Estate', 'M Ali', '03218834555', '', '', '1800', 'sale', 2250, 'marla', 'average', 8500000, 'lakh', 0, NULL, NULL, NULL, NULL, NULL, 'N', 'Y', 'N', '2016-04-03 00:05:38', '2016-04-03 00:05:38'),
(622, 2, 10, 14, 83, 20, NULL, 'indirect', 'residential', 'Chaudary Estate', 'M Ali', '03218834555', '', '', '145', 'sale', 4500, 'kanal', 'average', 11500000, 'lakh', 0, NULL, NULL, NULL, NULL, NULL, 'N', 'Y', 'N', '2016-04-03 00:06:11', '2016-04-03 00:07:36'),
(623, 2, 10, 14, 83, 20, NULL, 'indirect', 'residential', 'Chaudary Estate', 'M Ali', '03218834555', '', '', '498', 'sale', 4500, 'kanal', 'corner', 10800000, 'lakh', 0, NULL, NULL, NULL, NULL, NULL, 'N', 'Y', 'N', '2016-04-03 00:10:13', '2016-04-03 00:10:13'),
(624, 2, 10, 14, 82, 20, NULL, 'indirect', 'residential', 'Chaudary Estate', 'M Ali', '03218834555', '', '', '343', 'sale', 4500, 'kanal', 'average', 13800000, 'lakh', 0, NULL, NULL, NULL, NULL, NULL, 'N', 'Y', 'N', '2016-04-03 00:14:06', '2016-04-03 00:14:06'),
(625, 2, 10, 14, 86, 20, NULL, 'indirect', 'residential', 'Chaudary Estate', 'M Ali', '03218834555', '', '', '1301', 'sale', 4500, 'kanal', 'average', 10200000, 'lakh', 0, NULL, NULL, NULL, NULL, NULL, 'N', 'Y', 'N', '2016-04-03 11:52:43', '2016-04-03 11:52:43'),
(626, 2, 10, 14, 78, 20, NULL, 'indirect', 'residential', 'Chaudary Estate', 'M Ali', '03218834555', '', '', '105', 'sale', 4500, 'kanal', 'average', 11800000, 'lakh', 0, NULL, NULL, NULL, NULL, NULL, 'N', 'Y', 'N', '2016-04-03 11:54:12', '2016-04-03 11:54:12'),
(627, 2, 10, 14, 78, 20, NULL, 'indirect', 'residential', 'Chaudary Estate', 'M Ali', '03218834555', '', '', '73', 'sale', 4500, 'kanal', 'average', 13000000, 'lakh', 0, NULL, NULL, NULL, NULL, NULL, 'N', 'Y', 'N', '2016-04-03 11:55:22', '2016-04-03 11:55:22'),
(628, 2, 10, 14, 80, 20, NULL, 'indirect', 'residential', 'Chaudary Estate', 'M Ali', '03218834555', '', '', '286', 'sale', 4500, 'kanal', 'average', 13000000, 'lakh', 0, NULL, NULL, NULL, NULL, NULL, 'N', 'Y', 'N', '2016-04-03 11:56:48', '2016-04-03 11:56:48'),
(629, 2, 10, 14, 86, 20, NULL, 'indirect', 'residential', 'Chaudary Estate', 'M Ali', '03218834555', '', '', '1635', 'sale', 4500, 'kanal', 'average', 10300000, 'lakh', 0, NULL, NULL, NULL, NULL, NULL, 'N', 'Y', 'N', '2016-04-03 11:58:10', '2016-04-03 11:58:10'),
(630, 2, 10, 14, 81, 20, NULL, 'indirect', 'residential', 'Chaudary Estate', 'M Ali', '03218834555', '', '', '509', 'sale', 4500, 'kanal', 'average', 12000000, 'lakh', 0, NULL, NULL, NULL, NULL, NULL, 'N', 'Y', 'N', '2016-04-03 12:00:24', '2016-04-03 12:00:24'),
(631, 2, 10, 16, 99, 19, NULL, 'indirect', 'residential', 'National Estate', 'M.Iqbal', '03218343111', '', '', '265', 'sale', 4500, 'kanal', 'average', 11200000, 'lakh', 0, NULL, NULL, NULL, NULL, NULL, 'N', 'Y', 'N', '2016-04-04 09:42:10', '2016-04-04 09:42:10'),
(632, 2, 10, 16, 97, 19, NULL, 'indirect', 'residential', 'National Estate', 'M.Iqbal', '03218343111', '', '', '134', 'sale', 4500, 'kanal', 'average', 11000000, 'lakh', 0, NULL, NULL, NULL, NULL, NULL, 'N', 'Y', 'N', '2016-04-04 09:44:01', '2016-04-04 09:46:53'),
(633, 2, 10, 16, 97, 19, NULL, 'indirect', 'residential', 'National Estate', 'M.Iqbal', '03218343111', '', '', '226', 'sale', 4500, 'kanal', 'average', 11000000, 'lakh', 0, NULL, NULL, NULL, NULL, NULL, 'N', 'Y', 'N', '2016-04-04 09:45:40', '2016-04-04 09:45:40'),
(634, 2, 10, 16, 99, 19, NULL, 'indirect', 'residential', 'National Estate', 'M.Iqbal', '03218343111', '', '', '337', 'sale', 4500, 'kanal', 'average', 9200000, 'lakh', 0, NULL, NULL, NULL, NULL, NULL, 'N', 'Y', 'N', '2016-04-04 09:48:18', '2016-04-04 09:48:18'),
(635, 2, 10, 16, 99, 19, NULL, 'indirect', 'residential', 'National Estate', 'M.Iqbal', '03218343111', '', '', '73', 'sale', 4500, 'kanal', 'average', 10000000, 'lakh', 0, NULL, NULL, NULL, NULL, NULL, 'N', 'Y', 'N', '2016-04-04 09:50:10', '2016-04-04 09:50:10'),
(636, 2, 10, 16, 99, 19, NULL, 'indirect', 'residential', 'National Estate', 'M.Iqbal', '03218343111', '', '', '260', 'sale', 4500, 'kanal', 'average', 9200000, 'lakh', 0, NULL, NULL, NULL, NULL, NULL, 'N', 'Y', 'N', '2016-04-04 09:51:42', '2016-04-04 09:51:42'),
(637, 2, 10, 16, 99, 19, NULL, 'indirect', 'residential', 'National Estate', 'M.Iqbal', '03218343111', '', '', '264', 'sale', 4500, 'kanal', 'average', 9500000, 'lakh', 0, NULL, NULL, NULL, NULL, NULL, 'N', 'Y', 'N', '2016-04-04 09:53:05', '2016-04-04 09:53:05'),
(638, 2, 10, 17, 109, 19, NULL, 'indirect', 'residential', 'Chaudary Jee Estate', 'Ghaffar Ch.', '03218160661', '', '', '285', 'sale', 4500, 'kanal', 'average', 14700000, 'lakh', 0, NULL, NULL, NULL, NULL, NULL, 'N', 'Y', 'N', '2016-04-04 10:02:03', '2016-04-04 10:02:03'),
(639, 2, 10, 17, 109, 19, NULL, 'indirect', 'residential', 'Chaudary Jee Estate', 'Ghaffar Ch.', '03218160661', '', '', '58', 'sale', 4725, 'marla', 'average', 15500000, 'lakh', 0, NULL, NULL, NULL, NULL, NULL, 'N', 'Y', 'N', '2016-04-04 10:03:44', '2016-04-04 10:03:44'),
(640, 2, 10, 17, 106, 19, NULL, 'indirect', 'residential', 'Chaudary Jee Estate', 'Ghaffar Ch.', '03218160661', '', '', '184', 'sale', 9000, 'kanal', 'average', 35000000, 'lakh', 0, NULL, NULL, NULL, NULL, NULL, 'N', 'Y', 'N', '2016-04-04 10:06:31', '2016-04-04 10:06:31'),
(641, 2, 10, 17, 103, 19, NULL, 'indirect', 'residential', 'Chaudary Jee Estate', 'Ghaffar Ch.', '03218160661', '', '', '10', 'sale', 9000, 'kanal', 'average', 37500000, 'lakh', 0, NULL, NULL, NULL, NULL, NULL, 'N', 'Y', 'N', '2016-04-04 10:07:49', '2016-04-04 10:07:49'),
(642, 2, 10, 13, 61, 19, NULL, 'indirect', 'residential', 'Prestige Estate', 'Hasnat', '03234641145', '', '', '1024', 'sale', 1125, 'marla', 'corner', 7500000, 'lakh', 0, NULL, NULL, NULL, NULL, NULL, 'N', 'Y', 'N', '2016-04-04 10:47:43', '2016-04-04 10:47:43'),
(643, 2, 10, 13, 61, 19, NULL, 'indirect', 'residential', 'Ali Haseeb', 'Haseeb', '03214000840', '', '', '1062', 'sale', 4500, 'kanal', 'average', 17000000, 'lakh', 0, NULL, NULL, NULL, NULL, NULL, 'N', 'Y', 'N', '2016-04-04 10:51:51', '2016-04-04 10:51:51'),
(644, 2, 10, 13, 67, 19, NULL, 'indirect', 'residential', 'Ali Haseeb', 'Haseeb', '03214000840', '', '', '63', 'sale', 6075, 'marla', 'average', 24000000, 'lakh', 0, NULL, NULL, NULL, NULL, NULL, 'N', 'Y', 'N', '2016-04-04 10:58:56', '2016-04-04 10:58:56'),
(645, 2, 10, 17, 103, 19, NULL, 'indirect', 'residential', 'New City Develpor', 'Abbass', '03214292901', '', '', '504', 'sale', 4500, 'kanal', 'average', 16500000, 'lakh', 0, NULL, NULL, NULL, NULL, NULL, 'N', 'Y', 'N', '2016-04-04 11:04:32', '2016-04-04 11:04:32'),
(646, 2, 10, 13, 61, 19, NULL, 'indirect', 'residential', 'New City Develpor', 'Abbass', '03214292901', '', '', '230', 'sale', 4500, 'kanal', 'average', 20500000, 'lakh', 0, NULL, NULL, NULL, NULL, NULL, 'N', 'Y', 'N', '2016-04-04 11:06:49', '2016-04-04 11:06:49'),
(647, 2, 10, 15, 94, 19, NULL, 'indirect', 'residential', 'Ch.Estate', 'Muzamil', '03233020300', '', '', '228', 'sale', 4500, 'kanal', 'average', 25000000, 'lakh', 0, NULL, NULL, NULL, NULL, NULL, 'N', 'Y', 'N', '2016-04-04 11:13:16', '2016-04-04 11:13:16'),
(648, 2, 10, 15, 94, 19, NULL, 'indirect', 'residential', 'Ch.Estate', 'Muzamil', '03233020300', '', '', '601', 'sale', 4500, 'kanal', 'average', 25500000, 'lakh', 0, NULL, NULL, NULL, NULL, NULL, 'N', 'Y', 'N', '2016-04-04 11:24:13', '2016-04-04 11:24:13'),
(649, 2, 10, 22, 150, 19, NULL, 'indirect', 'residential', 'Ch.Estate', 'Muzamil', '03233020300', '', '', '1988', 'sale', 1125, 'marla', 'average', 3000000, 'lakh', 0, NULL, NULL, NULL, NULL, NULL, 'N', 'Y', 'N', '2016-04-04 11:25:49', '2016-04-04 11:25:49'),
(650, 2, 10, 15, 93, 19, NULL, 'indirect', 'residential', 'Property Experts', 'Ejaz', '03214419545', '', '', '1184', 'sale', 4500, 'kanal', 'corner', 37500000, 'lakh', 0, NULL, NULL, NULL, NULL, NULL, 'N', 'Y', 'N', '2016-04-04 13:22:56', '2016-04-04 13:22:56'),
(651, 2, 10, 15, 90, 19, NULL, 'indirect', 'residential', 'Property Experts', 'Ejaz', '03214419545', '', '', '604', 'sale', 4500, 'kanal', 'average', 11500000, 'lakh', 0, NULL, NULL, NULL, NULL, NULL, 'N', 'Y', 'N', '2016-04-04 13:27:12', '2016-04-04 13:27:12'),
(652, 2, 10, 15, 91, 19, NULL, 'indirect', 'residential', 'Chohan Estate', 'Zohaib', '03028444749', '', '', '1882', 'sale', 4500, 'kanal', 'average', 20800000, 'lakh', 0, NULL, NULL, NULL, NULL, NULL, 'N', 'Y', 'N', '2016-04-04 13:31:38', '2016-04-04 13:31:38'),
(653, 2, 10, 15, 93, 19, NULL, 'indirect', 'residential', 'Chohan Estate', 'Zohaib', '03028444749', '', '', '908', 'sale', 4500, 'kanal', 'average', 18000000, 'lakh', 0, NULL, NULL, NULL, NULL, NULL, 'N', 'Y', 'N', '2016-04-04 13:34:25', '2016-04-04 13:34:25'),
(654, 2, 10, 22, 135, 19, NULL, 'indirect', 'residential', 'Askari Estate', 'Naseem Ahmed', '03004011076', '', '', '939', 'sale', 4500, 'kanal', 'average', 8500000, 'lakh', 0, NULL, NULL, NULL, NULL, NULL, 'N', 'Y', 'N', '2016-04-04 13:37:09', '2016-04-04 13:37:09'),
(655, 2, 10, 22, 133, 19, NULL, 'indirect', 'residential', 'Askari Estate', 'Naseem Ahmed', '03004011076', '', '', '1206', 'sale', 4500, 'kanal', 'average', 8500000, 'lakh', 0, NULL, NULL, NULL, NULL, NULL, 'N', 'Y', 'N', '2016-04-04 13:40:37', '2016-04-04 13:40:37'),
(656, 2, 10, 22, 133, 19, NULL, 'indirect', 'residential', 'Askari Estate', 'Naseem Ahmed', '03004011076', '', '', '705', 'sale', 4500, 'kanal', 'average', 9000000, 'lakh', 0, NULL, NULL, NULL, NULL, NULL, 'N', 'Y', 'N', '2016-04-04 13:44:00', '2016-04-04 13:44:00'),
(657, 2, 10, 22, 142, 19, NULL, 'indirect', 'residential', 'Askari Estate', 'Naseem Ahmed', '03004011076', '', '', '1007', 'sale', 4500, 'kanal', 'average', 7200000, 'lakh', 0, NULL, NULL, NULL, NULL, NULL, 'N', 'Y', 'N', '2016-04-04 13:46:58', '2016-04-04 13:46:58'),
(658, 2, 10, 22, 143, 19, NULL, 'indirect', 'residential', 'Askari Estate', 'Naseem Ahmed', '03004011076', '', '', '1626', 'sale', 2250, 'marla', 'average', 3600000, 'lakh', 0, NULL, NULL, NULL, NULL, NULL, 'N', 'Y', 'N', '2016-04-04 13:50:01', '2016-04-04 13:50:01'),
(659, 2, 10, 22, 150, 19, NULL, 'indirect', 'residential', 'Askari Estate', 'Naseem Ahmed', '03004011076', '', '', '583', 'sale', 4500, 'kanal', 'average', 6400000, 'lakh', 0, NULL, NULL, NULL, NULL, NULL, 'N', 'Y', 'N', '2016-04-04 13:52:28', '2016-04-04 13:52:28'),
(660, 2, 10, 22, 150, 19, NULL, 'indirect', 'residential', 'Askari Estate', 'Naseem Ahmed', '03004011076', '', '', '584', 'sale', 4500, 'kanal', 'average', 6400000, 'lakh', 0, NULL, NULL, NULL, NULL, NULL, 'N', 'Y', 'N', '2016-04-04 13:53:53', '2016-04-04 13:53:53'),
(661, 2, 10, 13, 70, 19, NULL, 'indirect', 'residential', 'Property World', 'Toqeer', '03215675920', '', '', '15', 'sale', 4500, 'kanal', 'average', 18500000, 'lakh', 0, NULL, NULL, NULL, NULL, NULL, 'N', 'Y', 'N', '2016-04-04 15:53:01', '2016-04-04 15:53:01'),
(662, 2, 10, 13, 64, 19, NULL, 'indirect', 'residential', 'Property World', 'Toqeer', '03215675920', '', '', '159', 'sale', 4500, 'kanal', 'average', 19500000, 'lakh', 0, NULL, NULL, NULL, NULL, NULL, 'N', 'Y', 'N', '2016-04-04 15:55:43', '2016-04-04 15:55:43'),
(663, 2, 10, 12, 52, 19, NULL, 'indirect', 'residential', 'Citizen Estate', 'Baba Gulzar', '03218447201', '', '', '569', 'sale', 9000, 'kanal', 'average', 65000000, 'lakh', 0, NULL, NULL, NULL, NULL, NULL, 'N', 'Y', 'N', '2016-04-04 16:10:08', '2016-04-04 16:10:08'),
(664, 2, 10, 12, 52, 19, NULL, 'indirect', 'residential', 'Citizen Estate', 'Baba Gulzar', '03218447201', '', '', '590', 'sale', 9000, 'kanal', 'average', 60000000, 'lakh', 0, NULL, NULL, NULL, NULL, NULL, 'N', 'Y', 'N', '2016-04-04 16:14:27', '2016-04-04 16:14:27'),
(665, 2, 10, 11, 39, 19, NULL, 'indirect', 'residential', 'Citizen Estate', 'Baba Gulzar', '03008447201', '', '', '253', 'sale', 4500, 'kanal', 'average', 24000000, 'lakh', 0, NULL, NULL, NULL, NULL, NULL, 'N', 'Y', 'N', '2016-04-04 16:17:55', '2016-04-04 16:17:55'),
(666, 2, 10, 11, 39, 19, NULL, 'indirect', 'residential', 'Citizen Estate', 'Baba Gulzar', '03008447201', '', '', '150', 'sale', 4500, 'kanal', 'average', 26000000, 'lakh', 0, NULL, NULL, NULL, NULL, NULL, 'N', 'Y', 'N', '2016-04-04 16:19:32', '2016-04-04 16:19:32'),
(667, 2, 10, 11, 39, 19, NULL, 'indirect', 'residential', 'Citizen Estate', 'Baba Gulzar', '03008447201', '', '', '225', 'sale', 4500, 'kanal', 'corner', 26000000, 'lakh', 0, NULL, NULL, NULL, NULL, NULL, 'N', 'Y', 'N', '2016-04-04 16:21:53', '2016-04-04 16:21:53'),
(668, 2, 10, 14, 86, 19, NULL, 'indirect', 'residential', 'Citizen Estate', 'M.Parvaz', '03204431306', '', '', '214', 'sale', 4500, 'kanal', 'average', 12600000, 'lakh', 0, NULL, NULL, NULL, NULL, NULL, 'N', 'Y', 'N', '2016-04-04 16:25:26', '2016-04-04 16:25:26'),
(669, 2, 10, 14, 83, 19, NULL, 'indirect', 'residential', 'City Estate', 'Asad', '03204007979', '', '', '1095', 'sale', 4500, 'kanal', 'average', 12200000, 'lakh', 0, NULL, NULL, NULL, NULL, NULL, 'N', 'Y', 'N', '2016-04-04 16:29:23', '2016-04-04 16:29:23'),
(670, 2, 10, 14, 81, 19, NULL, 'indirect', 'residential', 'City Estate', 'Asad', '03204007979', '', '', '1516', 'sale', 2250, 'marla', 'average', 7500000, 'lakh', 0, NULL, NULL, NULL, NULL, NULL, 'N', 'Y', 'N', '2016-04-04 16:31:33', '2016-04-04 16:31:33'),
(671, 2, 10, 14, 78, 19, NULL, 'indirect', 'residential', 'City Estate', 'Asad', '03204007979', '', '', '1090', 'sale', 4500, 'kanal', 'average', 10300000, 'lakh', 0, NULL, NULL, NULL, NULL, NULL, 'N', 'Y', 'N', '2016-04-04 16:34:45', '2016-04-04 16:34:45'),
(672, 2, 10, 13, 58, 19, NULL, 'indirect', 'residential', 'Capital Estate', 'Saad', '03234894603', '', '', '208', 'sale', 4500, 'kanal', 'average', 24500000, 'lakh', 0, NULL, NULL, NULL, NULL, NULL, 'N', 'Y', 'N', '2016-04-04 16:39:36', '2016-04-04 16:39:36'),
(673, 2, 10, 13, 59, 19, NULL, 'indirect', 'residential', 'Capital Estate', 'Saad', '03234894603', '', '', '76', 'sale', 4500, 'kanal', 'average', 18500000, 'lakh', 0, NULL, NULL, NULL, NULL, NULL, 'N', 'Y', 'N', '2016-04-04 16:41:22', '2016-04-04 16:41:22');

-- --------------------------------------------------------

--
-- Table structure for table `societies`
--

CREATE TABLE IF NOT EXISTS `societies` (
  `id` int(10) unsigned NOT NULL AUTO_INCREMENT,
  `city_id` int(10) unsigned NOT NULL,
  `name` varchar(128) COLLATE utf8_unicode_ci NOT NULL,
  `created_at` timestamp NOT NULL DEFAULT '0000-00-00 00:00:00',
  `updated_at` timestamp NOT NULL DEFAULT '0000-00-00 00:00:00',
  PRIMARY KEY (`id`),
  KEY `societies_city_id_foreign` (`city_id`)
) ENGINE=InnoDB  DEFAULT CHARSET=utf8 COLLATE=utf8_unicode_ci AUTO_INCREMENT=27 ;

--
-- Dumping data for table `societies`
--

INSERT INTO `societies` (`id`, `city_id`, `name`, `created_at`, `updated_at`) VALUES
(8, 10, 'DHA Phase 1', '2015-05-01 10:29:33', '2016-03-04 06:40:42'),
(9, 10, 'DHA Phase 2', '2015-05-01 10:36:49', '2015-05-01 10:36:49'),
(10, 10, 'DHA Phase 3', '2015-05-01 11:17:30', '2015-05-01 11:17:30'),
(11, 10, 'DHA Phase 4', '2015-05-01 11:21:46', '2015-05-01 11:21:46'),
(12, 10, 'DHA Phase 5', '2015-05-01 13:32:42', '2015-05-01 13:32:42'),
(13, 10, 'DHA Phase 6', '2015-05-01 13:41:19', '2015-05-01 13:41:19'),
(14, 10, 'DHA Phase 7', '2015-05-01 13:50:21', '2015-05-01 13:50:21'),
(15, 10, 'DHA Phase 8', '2015-05-04 10:57:57', '2015-05-04 10:57:57'),
(16, 10, 'Air Avenue', '2015-05-04 11:01:39', '2016-03-09 09:34:53'),
(17, 10, 'Park View', '2015-05-04 11:03:17', '2016-03-09 09:54:15'),
(18, 10, 'DHA 9 Town', '2015-05-04 11:05:51', '2015-05-04 11:05:51'),
(19, 10, 'Eden City', '2015-05-04 17:24:14', '2015-05-04 17:24:14'),
(20, 10, 'LDA City ', '2015-05-06 10:43:51', '2015-05-06 10:43:51'),
(21, 10, 'EDEN VISTA', '2015-05-22 14:40:30', '2015-05-22 14:40:30'),
(22, 10, 'DHA 9 Prism', '2016-03-07 17:56:30', '2016-03-07 17:56:30'),
(23, 10, 'Air Avenue Apartments', '2016-03-08 14:01:55', '2016-03-08 14:01:55'),
(24, 10, 'Eden Agora Commercial', '2016-03-19 11:11:36', '2016-03-19 11:11:36'),
(25, 10, 'Park View Files', '2016-03-19 11:11:59', '2016-03-19 11:11:59'),
(26, 10, 'Eden Vista', '2016-03-19 11:12:13', '2016-03-19 11:12:13');

-- --------------------------------------------------------

--
-- Table structure for table `users`
--

CREATE TABLE IF NOT EXISTS `users` (
  `id` int(10) unsigned NOT NULL AUTO_INCREMENT,
  `name` varchar(64) COLLATE utf8_unicode_ci NOT NULL,
  `email` varchar(255) COLLATE utf8_unicode_ci NOT NULL,
  `password` varchar(60) COLLATE utf8_unicode_ci NOT NULL,
  `type` enum('admin','staff') COLLATE utf8_unicode_ci NOT NULL DEFAULT 'staff',
  `remember_token` varchar(100) COLLATE utf8_unicode_ci DEFAULT NULL,
  `created_at` timestamp NOT NULL DEFAULT '0000-00-00 00:00:00',
  `updated_at` timestamp NOT NULL DEFAULT '0000-00-00 00:00:00',
  PRIMARY KEY (`id`),
  UNIQUE KEY `users_email_unique` (`email`)
) ENGINE=InnoDB  DEFAULT CHARSET=utf8 COLLATE=utf8_unicode_ci AUTO_INCREMENT=21 ;

--
-- Dumping data for table `users`
--

INSERT INTO `users` (`id`, `name`, `email`, `password`, `type`, `remember_token`, `created_at`, `updated_at`) VALUES
(1, 'Admin', 'jrproperty167@gmail.com', '$2y$10$cdyEB27wSvi/uk9AYe4uieF8RHFauBYrlReymjVQ3Q8tUkuWlU7De', 'admin', 'XJUeRnmOMHHPblzAIua3HeWowRfoYEfW5dAuh821LLsD5NKfJDpidTVWo4Hw', '2015-04-27 17:41:48', '2016-03-29 16:50:46'),
(3, 'Sajid', 'maliksajidawan786@gmail.com', '$2y$10$vByZh2gTt7zTd.MFHq7IfeTtI.vcNwY6KtjjOEN48JHOnlkYONGMm', 'staff', 'Mj4GJplhXIggF9KxN3ZQIDZBXHvCie0Vv0o76yH8VdL8MxyosWMEwGSiwDkd', '2015-05-01 16:09:18', '2016-03-28 14:18:26'),
(4, 'Asif Mehmood', 'malikasifawank@yahoo.com', '$2y$10$fFDWw1niPuYuNOLR6vV.W.5cEuU89YpXDyPQbDlnPPbtrJ2KiGEnS', 'staff', 'bbgieqov1LLus93dcyayxPi6xljQZBTK2gJ6ESJznaIYuDfd11IcmV5yOUnM', '2015-05-04 10:45:36', '2016-03-21 16:39:58'),
(6, 'Irfan Ahmed', 'irfanahmed1466@gmail.com', '$2y$10$uHJwSSO1Vcz2YL4qSjkVc.eylXrt0xpc7Zh0ppAAM3FFn3rP1Z1De', 'staff', NULL, '2015-05-05 11:52:46', '2016-03-21 16:40:11'),
(7, 'Akbar', 'akki.mehar@yahoo.com', '$2y$10$1SqsnnnxqfCB80Y0QAdq8OkJ4pKN6hYaqh/XSO8mstjzhjs/98CU.', 'staff', '32riee6xgN2WEW4qhGeyNgEfPMzsxcxGCF5i8AoZFERDunuzYM4LarttnM6L', '2015-05-06 10:49:12', '2016-03-07 17:31:58'),
(9, 'Yousuf Awan', 'yousufawan21@gmail.com', '$2y$10$0SHQ3HuSxj8NJrU1qEnml.3aozKdUl/Ja9cmnRAtFJdYY0mHLCoba', 'staff', 'JkepsX87VQI1EWZC9sNeKDO2pX3Orr1WvR5I1eczhr06TM1svHoTQP7tySOa', '2015-05-11 14:01:54', '2016-03-26 12:03:06'),
(10, 'Adeel Malik', 'adeelahmed307@gmail.com', '$2y$10$JHsGG3QWiZrBrVuMIbXZSOhc83A5JL7fqz64TL1UQU4giYQVq1oHu', 'staff', 'TKXUtM4mEWIE5Ym226xy7O8bNi4n6Kw2MARWw8hLSb4JFUlldMeV7eI2T1Pd', '2015-05-11 14:03:08', '2016-03-07 17:32:21'),
(14, 'Sheraz Ahmad', 'sheraz.ahmad@msn.com', '$2y$10$jP2960W6Vprp/WRaAHrk/O9AAhwyPRuO.uRwYlcGxvcFcdd7CkWm2', 'staff', '8B8C8StsyanwlHqXu3eFHQbg0M9OYeRAAHHH0h4gUipP9K06KcliD0Otyz1Y', '2016-03-07 17:21:11', '2016-03-07 17:48:39'),
(15, 'Muhammad Asif', 'jrasif@gmail.com', '$2y$10$6Rb5DE6oMtteEkiVSGBIb.luDY.ngL0.dbhpA0Jen2uF/iSik5QNy', 'staff', 'AfUuCEJq3l97fPOcxbhc2PS9pVQ0ZYnL9w7aLR0cr129kUe2fLvRWIdRQ7IG', '2016-03-07 17:37:38', '2016-03-07 17:38:36'),
(17, 'Furqan Chishty', 'furqan.chishty007@gmail.com', '', 'staff', NULL, '2016-03-08 13:34:26', '2016-03-08 13:37:09'),
(18, 'JR Team', 'jrteam@gmail.com', '$2y$10$F4fzgjxaz6zIK/EJ.qfh..Woae4gkNnlnxE8QbgP2oe74xZEAHVMG', 'staff', '90OEnH8TJjXro3YnGheSSO9CFRlUY7NBRtOl7oMj3NdnoFAjaVOoTc8xTvhZ', '2016-03-09 15:11:57', '2016-03-31 17:19:01'),
(19, 'Hamid-JR', 'hamidjr@gmail.com', '$2y$10$vRg1KemvGpf6tMjT2XygYO.0sO0T1XN/06oOjjZdyXgE0kbRGppR.', 'staff', NULL, '2016-03-10 11:46:49', '2016-04-02 16:15:11'),
(20, 'Sohail_Newspaper', 'sohail@gmail.com', '$2y$10$/imfgvhpsnJ0Ihpm5CQo/ufY7yXbTCM2M0NMigB/VvGGfq4/xtqhy', 'staff', 'JpW98hekVWrxZmgvs3YRee7xSp4pD36V5K90OCrf0ifdckPPzaslf4SezZki', '2016-03-26 10:33:08', '2016-03-29 18:09:20');

--
-- Constraints for dumped tables
--

--
-- Constraints for table `blocks`
--
ALTER TABLE `blocks`
  ADD CONSTRAINT `blocks_society_id_foreign` FOREIGN KEY (`society_id`) REFERENCES `societies` (`id`) ON DELETE CASCADE ON UPDATE NO ACTION;

--
-- Constraints for table `properties`
--
ALTER TABLE `properties`
  ADD CONSTRAINT `properties_block_id_foreign` FOREIGN KEY (`block_id`) REFERENCES `blocks` (`id`) ON DELETE CASCADE ON UPDATE NO ACTION,
  ADD CONSTRAINT `properties_city_id_foreign` FOREIGN KEY (`city_id`) REFERENCES `cities` (`id`) ON DELETE CASCADE ON UPDATE NO ACTION,
  ADD CONSTRAINT `properties_society_id_foreign` FOREIGN KEY (`society_id`) REFERENCES `societies` (`id`) ON DELETE CASCADE ON UPDATE NO ACTION,
  ADD CONSTRAINT `properties_user_id_foreign` FOREIGN KEY (`user_id`) REFERENCES `users` (`id`) ON DELETE CASCADE ON UPDATE NO ACTION;

--
-- Constraints for table `societies`
--
ALTER TABLE `societies`
  ADD CONSTRAINT `societies_city_id_foreign` FOREIGN KEY (`city_id`) REFERENCES `cities` (`id`) ON DELETE CASCADE ON UPDATE NO ACTION;

/*!40101 SET CHARACTER_SET_CLIENT=@OLD_CHARACTER_SET_CLIENT */;
/*!40101 SET CHARACTER_SET_RESULTS=@OLD_CHARACTER_SET_RESULTS */;
/*!40101 SET COLLATION_CONNECTION=@OLD_COLLATION_CONNECTION */;
